Timestamp,Steps,Speed,Activity,Displacement,AccelX,AccelY,AccelZ
1746661625.9580626,0,0,standing,0.0,-0.06805422365404648,-0.028476267910774317,9.733280279397329
1746661626.0706658,0,0,standing,0.0,0.0853716243785548,-0.03997159469189469,9.897862983777111
1746661626.186067,0,0.02376473083881958,standing,0.0023764730838819583,0.061666479953912445,-0.047191915484290387,9.797595437792197
1746661626.2891462,0,0.0009922975731279787,standing,0.002475702841194756,-0.025457982841431637,0.014572225430591959,9.854780648020556
1746661626.3985796,0,0,standing,0.002475702841194756,-0.08884401633268398,-0.02072670624110813,9.736022800911854
1746661626.509592,0,0,standing,0.002475702841194756,-0.07112949147541575,-0.04110377164343067,9.8248931432885
1746661626.6196063,0,0,standing,0.002475702841194756,-0.07439419324371271,-0.04089659405562223,9.809054627383448
1746661626.7296185,0,0.03604146249513282,standing,0.006079849090708038,0.0597262409454532,0.005851744575432874,9.796100991155686
1746661626.839983,0,0.12974389906442846,standing,0.019054238997150884,0.022338896933651833,-0.05914884773933174,9.754112410564709
1746661626.951642,0,0.05572757347565643,standing,0.024626996344716528,0.038287254505171675,0.028927857184634115,9.766251029225327
1746661627.062656,0,0.13492934832714315,standing,0.038119931177430844,-0.06354407353268418,0.018949713275454846,9.859685753940742
1746661627.1732185,0,0.195435018742969,standing,0.05766343305172775,-0.06611244533529037,-0.04982725907596093,9.80492565644212
1746661627.2846825,0,0.2869293923523598,standing,0.08635637228696373,0.07272222375250442,-0.011716358666357368,9.882389186140498
1746661627.395825,0,0.3483921895151857,standing,0.12119559123848231,-0.05696565838955312,0.043003315071474785,9.724843668514495
1746661627.5099127,0,0.3633454975162369,standing,0.157530140990106,0.08808488352901114,-0.06691320933803531,9.80104000128118
1746661627.6179466,0,0.3312977400524351,standing,0.1906599149953495,0.036017902646197475,-0.0881260213502104,9.745858557248962
1746661627.729729,0,0.26958927065306165,standing,0.21761884206065568,-0.049256116252907295,0.05975075379955383,9.713386167996969
1746661627.838742,0,0.2278274514232219,standing,0.24040158720297788,-0.06316975544264833,-0.06980212393389416,9.793762198668555
1746661627.9487557,0,0.14052895113094366,standing,0.25445448231607226,-0.07295215413254615,-0.09647008316325685,9.810578561945626
1746661628.0565104,0,0.1659739725993802,standing,0.2710518795760103,0.011682132559665326,-0.002900341286815794,9.89362072171934
1746661628.166304,0,0.1155970378466816,standing,0.28261158336067843,-0.0018038691024233888,-0.01591361318714253,9.901780475998772
1746661628.2757988,0,0.14167422339087246,standing,0.2967790056997657,0.0630625056468763,0.07377547149281247,9.717877493335404
1746661628.387807,0,0.0893981411167309,standing,0.3057188198114388,-0.08903913584942601,0.01231155758576638,9.801293271931202
1746661628.4984655,0,0.1129778674415348,standing,0.3170166065555923,0.06288379018714133,0.042656368432220065,9.794066799780088
1746661628.6082652,0,0.16321760999690638,standing,0.3333383675552829,-0.05386407540522151,0.03903162903466187,9.84269543097478
1746661628.718415,0,0.08137404701932564,standing,0.3414757722572155,0.006271809084011842,-0.046698281185295,9.899600343357015
1746661628.8288634,0,0.1701740521650556,standing,0.35849317747372106,-0.019214382273588626,-0.06921770186184453,9.740834482037789
1746661628.9372814,0,0.13708376463974595,standing,0.37220155393769566,-0.06046673400954159,-0.045320312472714355,9.87959553489743
1746661629.0488763,0,0.20093437936476433,standing,0.3922949918741721,-0.04639417890584452,0.07536582995237617,9.789029746528286
1746661629.1595025,0,0.1314883878014343,standing,0.40544383065431555,0.054915148862416746,-0.028752770863435848,9.742358774817841
1746661629.2692525,0,0.08939989915414887,standing,0.41438382056973044,0.03487991817675068,-0.06400459451801849,9.837590183155772
1746661629.378184,0,0.06833223538356778,standing,0.42121704410808725,-0.06288496410217899,0.05211207417356531,9.797403891477726
1746661629.489296,0,0.07109251117180235,standing,0.4283262952252675,-0.034396412569671894,0.09956836005869521,9.849666703834453
1746661629.6002185,0,0.16701147717460904,standing,0.4450274429427284,0.06897971297305747,-0.0983858416515545,9.795593729027939
1746661629.7099679,0,0.07461972537183913,standing,0.4524894154799123,0.04297009066378332,-0.023326485259334923,9.873805875491522
1746661629.8214056,0,0.07678942225286348,standing,0.46016835770519865,0.0830044004540117,-0.08961073751966522,9.879593750672015
1746661629.9312267,0,0.14374428301391062,standing,0.4745427860065897,0.07607606061514058,-0.04211168236199117,9.851942081437084
1746661630.039802,0,0.062146279410518104,standing,0.48075741394764154,-0.02389212837765539,-0.08090896364748952,9.816358959661905
1746661630.1498158,0,0,standing,0.48075741394764154,-0.09175362464501335,0.01842832383720612,9.715677579142483
1746661630.2587965,0,0,standing,0.48075741394764154,0.07435072738389797,0.07358728085319177,9.861199948650086
1746661630.3688862,0,0.0622227838858774,standing,0.4869796923362293,0.0657020899869015,-0.08771486086931189,9.743339769172175
1746661630.4800375,0,0,standing,0.4869796923362293,-0.007441012831869556,-0.014576947008819202,9.846289501166051
1746661630.5920744,0,0,standing,0.4869796923362293,-0.009841403876773097,0.06460411438420655,9.754063719295974
1746661630.7030602,0,0.016915789189370353,standing,0.4886712712551663,-0.09343337597777711,-0.06629769111430586,9.753795911107819
1746661630.8150752,0,0,standing,0.4886712712551663,-0.020974640714285675,0.058557704197604615,9.848256822261973
1746661630.926086,0,0,standing,0.4886712712551663,0.07132130998692096,0.055603269201813715,9.752086101579236
1746661631.0381014,0,0,standing,0.4886712712551663,-0.08977287834121064,0.07800118335562109,9.778630872629273
1746661631.1479404,0,0,standing,0.4886712712551663,0.018241111851818786,-0.060471004090754656,9.761137547425616
1746661631.2591271,0,0.015584491079506171,standing,0.4902297203631169,-0.060404635678132125,-0.009761688814430736,9.875959334958562
1746661631.367533,4,0.5698360926446262,running,0.5472133296275795,0.21538123752989502,1.611216525455749,10.728645552666295
1746661631.4786212,7,0.8391958334186647,running,0.631132912969446,1.6625460010448703,0.6988765240201625,11.070497938516167
1746661631.5883815,10,0.8125843838096967,running,0.7123913513504156,0.6810132985948054,-0.7675957412614025,8.251195788462066
1746661631.6984518,13,1.418795558706436,running,0.8542709072210593,-0.3295918208853765,-1.082908035950992,10.923156611459198
1746661631.807185,15,1.5592351705258882,running,1.010194424273648,-1.3054819324747948,-0.12185439477853827,11.152261559887002
1746661631.9185333,18,2.3763420459413753,running,1.2478286288677856,-0.6933382271978275,1.1899826816634644,8.21316038585308
1746661632.0321782,20,2.8540149826291614,running,1.5332301271307016,0.6781412483092811,1.3181771431029614,11.178646407334433
1746661632.1421711,22,3.3264421069094827,running,1.86587433782165,1.5831755299374102,0.6371386582269177,10.376829903648385
1746661632.2519088,26,3.8103618212113215,running,2.2469105199427823,0.8804987270504809,-0.7665041137793719,7.788007487552723
1746661632.3615603,29,4.189338678334766,running,2.665844387776259,-0.6137927111233611,-1.2536344304414602,11.092363436921167
1746661632.473024,31,3.9825238603747595,running,3.064096773813735,-1.6263974152293792,-0.17127016609159407,10.59972854639217
1746661632.5850878,34,4.232067552741453,running,3.4873035290878804,-0.9232056816539297,0.8186967295486223,8.045076082124456
1746661632.6936083,38,4.607234333353849,running,3.948026962423265,0.7331703599593008,1.8047916435541538,11.058487594140548
1746661632.8055193,40,4.959490678557589,running,4.443976030279024,1.202496391122311,0.2515607671015027,10.741098492291705
1746661632.917313,42,5.632186310093706,running,5.007194661288395,1.3412171496381815,-1.0993020141197123,7.871260269784513
1746661633.028324,45,5.726914088109637,running,5.579886070099358,-0.18802905419754012,-1.0562130346812948,11.148584461344464
1746661633.1373334,49,6.478448824910519,running,6.22773095259041,-1.5368841195166547,-0.16194591848514672,10.547921459277832
1746661633.2477078,51,7.413447844296346,running,6.969075737020045,-0.7209569209658166,1.1504154561230968,7.914772237071701
1746661633.3596992,54,7.440490936727472,running,7.713124830692792,0.2956819058131908,1.8270080696694446,10.508237559229542
1746661633.4714608,57,8.382408194762077,running,8.551365650169,1.4136501355609636,0.5331733016526273,11.273482043069652
1746661633.5807095,60,8.458329400586846,running,9.397198590227685,1.2379429736294165,-0.8135956206790272,7.411873693542852
1746661633.6910772,64,8.738133210029012,running,10.271011911230586,-0.11092512734554333,-1.3121845391975233,10.706328397259977
1746661633.800599,66,9.281589018197392,running,11.199170813050324,-1.1866096570745932,-0.11796101683947224,11.434784239918699
1746661633.9102285,69,10.263754867902547,running,12.225546299840579,-1.2641398827178298,0.8987879562036156,7.941062464049416
1746661634.0209436,71,10.65135549372939,running,13.290681849213518,0.3921984134619193,1.462415992201666,11.013460397182058
1746661634.1339576,74,10.988419540155146,running,14.389523803229032,1.3761939487975683,0.32571742737505405,10.717537084662837
1746661634.240728,76,11.296786970126572,running,15.51920250024169,1.0410722320712975,-0.8762936235272349,7.80798060809235
1746661634.3512995,80,12.069915881947681,running,16.726194088436458,-0.38777054947969164,-1.1830999743936284,10.75375182094187
1746661634.460021,82,12.28755984428314,running,17.954950072864772,-1.2610590318590749,-0.6293832384545456,10.833198160840253
1746661634.5694065,85,13.182694161531659,running,19.27321948901794,-1.2074301938027,0.9686140723952494,7.497308378441023
1746661634.6781292,87,13.748893077834865,running,20.648108796801427,-0.14028786635870658,1.5103916603660188,9.820212359665303
1746661634.788518,89,13.589230738100774,running,22.007031870611506,1.6791873190720965,0.7743577022356768,11.732916881705028
1746661634.9005327,93,13.588091312036,running,23.365841001815106,0.9829132093043739,-0.7434725351127033,7.509145257569597
1746661635.0112581,97,14.469491607078554,running,24.812790162522962,0.030087254115779644,-1.4839762836573935,10.091285187798574
1746661635.1215591,100,15.357690969669411,running,26.348559259489903,-1.5152036136294575,-0.5747193072311533,11.461204025794002
1746661635.2333753,104,15.289400379246677,running,27.87749929741457,-1.0172684750547898,0.48277417633648834,7.533518386143353
1746661635.343102,106,15.412285472921518,running,29.418727844706723,-0.0855868204698711,1.588386416457094,10.015084505356006
1746661635.4515326,108,15.224389207904641,running,30.941166765497186,1.0931116446978917,0.982604416265755,11.22017459873632
1746661635.5615757,111,15.416605314725057,running,32.482827296969695,1.5349466786070693,-0.9718842205961887,7.799922557786209
1746661635.674603,114,16.321725096249974,running,34.114999806594696,-0.44059952946348524,-1.7440812116249813,10.018717681573436
1746661635.7846854,116,17.14501917464572,running,35.82950172405927,-1.4690967388860026,-0.8894967555778388,11.431518446433833
1746661635.8941479,119,17.332018056800646,running,37.56270352973934,-0.9427346965487536,0.5964884858850822,7.868173687906514
1746661636.0046866,122,17.80126720932917,running,39.34283025067226,-0.29958572965220737,1.8006993684512467,10.297977504231257
1746661636.1145065,126,17.614752330303183,running,41.104305483702575,1.5440943557768927,0.8327999538748387,11.059200426270152
1746661636.2234995,129,17.357993933975255,running,42.8401048771001,1.5609561232454419,-0.4756159840090819,8.203880290598224
1746661636.3359191,131,17.425304041508127,running,44.582635281250916,-0.2143382046071013,-1.8862283433721825,10.278083773066154
1746661636.4427397,135,17.589521569670403,running,46.34158743821796,-1.3241882215375222,-1.0283622368972218,11.57826790114803
1746661636.5529518,137,18.050847398858718,running,48.14667217810383,-1.384996002341759,1.092528906645862,8.427535593179265
1746661636.6614778,140,18.951443507729,running,50.04181652887673,0.003508254423811169,1.5446712584844364,9.585709651845772
1746661636.7715921,142,19.18543730432658,running,51.96036025930939,1.099469547185835,1.0683302558851282,11.957410987079601
1746661636.8823755,146,19.203676902499403,running,53.88072794955933,1.3371136049659005,-0.5519939473342487,8.522690827185839
1746661636.9914694,149,19.836059637599732,running,55.8643339133193,0.370906960632751,-1.8530695930539403,9.603941288166993
1746661637.0999901,152,19.581968889893517,running,57.82253080230865,-1.056316308512198,-1.279527600445711,11.262434329072601
1746661637.2110412,155,20,running,59.82253080230865,-1.2361309475230853,0.6944822221042597,8.168288538842505
1746661637.3202367,157,19.763152317336136,running,61.79884603404226,-0.5372818238492155,1.60965508825308,9.141246538611053
1746661637.4315126,161,20,running,63.79884603404226,0.940298428391491,1.1445851205595474,11.459547354343991
1746661637.5405395,164,20,running,65.79884603404227,1.1302038470230058,-0.765534675951484,8.208764639940162
1746661637.6505167,166,20,running,67.79884603404227,-0.029043526860028757,-1.34307651280096,9.417034835511773
1746661637.7608519,170,20,running,69.79884603404227,-1.5446517720645137,-0.7314121641314024,11.823153178064159
1746661637.871673,173,19.971596768446762,running,71.79600571088694,-1.166753774696713,0.855915805460813,8.466553401759361
1746661637.9823794,175,19.95415009233922,running,73.79142072012087,0.11690965354508642,1.5577803384641844,8.67990795537277
1746661638.0928988,179,19.8605533665386,running,75.77747605677473,0.8934185922293839,1.3295883846428445,12.018488035254883
1746661638.2029014,183,19.899811063522634,running,77.76745716312699,1.7777603688658212,-0.5514516823994862,8.440814849952474
1746661638.3148336,187,20,running,79.76745716312699,0.43861689639470536,-1.246307240003136,9.510002559120817
1746661638.4248703,191,20,running,81.76745716312699,-1.4773658268804708,-0.849906784425203,11.78790396328661
1746661638.5346868,194,20,running,83.76745716312699,-1.0658477059723515,0.14339238087440687,8.270392062481626
1746661638.6435041,198,20,running,85.76745716312699,-0.10022539502777911,1.286938290193055,8.489587454346923
1746661638.7523494,200,19.715497804740917,running,87.73900694360108,0.7832105546686041,1.3610375579337155,11.954161784058611
1746661638.863408,203,20,running,89.73900694360108,1.0775051310253394,-0.3804514012288106,9.124253449755534
1746661638.97174,205,20,running,91.73900694360108,0.6310961034452813,-1.3867561882577566,8.706424744845004
1746661639.0831044,209,20,running,93.73900694360108,-1.4321342826836343,-1.153993757785022,11.866253924378025
1746661639.1932049,211,20,running,95.73900694360108,-1.1554196684130345,0.19238505979347992,8.47216786668289
1746661639.305032,215,20,running,97.73900694360108,-0.3556572375664663,1.166070912632608,9.242577615734756
1746661639.4152424,219,19.72493772308223,running,99.71150071590931,0.7133615892987151,0.7874083589226983,11.421672598591247
1746661639.5255377,221,19.841544047583092,running,101.69565512066762,1.3974743468659172,-0.4504088834822606,8.951539724386809
1746661639.6352239,223,20,running,103.69565512066762,0.2624126442092801,-1.5171220005323238,8.623199691342652
1746661639.7458386,226,20,running,105.69565512066762,-0.7173998795508825,-0.7376072900018059,11.647054710713649
1746661639.856084,230,20,running,107.69565512066762,-1.4683166329524173,0.5638231135421203,9.03906542485677
1746661639.967103,232,20,running,109.69565512066762,-0.07286664086368433,1.2837174168449765,8.913799909474111
1746661640.0760665,234,19.732350920749024,running,111.66889021274253,0.9734459656863218,1.1482916653518942,11.741727210663903
1746661640.1868916,238,20,running,113.66889021274253,1.5953694108911876,-0.4235564107063854,8.98954394768461
1746661640.297663,242,20,running,115.66889021274253,0.7472745635785164,-1.518838323504206,8.993975119113934
1746661640.4097934,245,20,running,117.66889021274253,-0.7255287686897255,-0.9999423824127958,11.720484315871907
1746661640.5179794,249,20,running,119.66889021274253,-1.8157934031592424,-0.1042311667552388,9.163153757608416
1746661640.6281705,251,20,running,121.66889021274253,-0.8207218207229652,1.2641706265846557,8.451708736049994
1746661640.7377179,253,19.752484414955195,running,123.64413865423805,1.1498170267002408,1.4754936015857534,12.127844201962628
1746661640.84976,257,19.586469585801304,running,125.60278561281818,1.8144128793312722,-0.5933613093465544,9.36464382696027
1746661640.9594564,260,19.371170622051196,running,127.5399026750233,0.8270808777859745,-1.5205564731622578,8.431288739545227
1746661641.0692723,263,20,running,129.5399026750233,-1.0564232034277516,-1.4750535479139,12.002243996440278
1746661641.178123,265,19.72331480320076,running,131.51223415534338,-1.1457618351129546,0.38658863432684853,9.292607546484025
1746661641.2892923,267,20,running,133.51223415534338,-0.2641615766505787,1.4389769181447696,8.813598795912299
1746661641.401319,270,19.754834019043773,running,135.48771755724775,0.9365421232640652,1.1561796042625854,11.972060513595489
1746661641.5120878,273,20,running,137.48771755724775,1.3858985930874912,-0.5214933797413074,9.63408367763279
1746661641.621631,276,19.978745842028506,running,139.4855921414506,0.5549534142403366,-1.1766628226393612,8.152524996873419
1746661641.7355921,280,19.789901198361562,running,141.46458226128678,-1.2321185488833661,-1.2123859796369842,11.300132256923662
1746661641.84174,283,20,running,143.46458226128678,-1.164859054945969,0.3919147113756987,9.064806095657865
1746661641.9521852,287,20,running,145.46458226128678,-0.9932549578374841,1.5482284473726253,7.8069287467881825
1746661642.0638616,290,20,running,147.46458226128678,1.2047292042485718,1.4525568423231925,11.330511594372329
1746661642.1738563,292,19.9874668359048,running,149.46332894487725,1.6841934014539923,0.011701051822216868,9.997245751634322
1746661642.2853963,296,20,running,151.46332894487725,0.5094891331220482,-1.0395155639445814,7.746806761287078
1746661642.394224,299,20,running,153.46332894487725,-0.9608060403419739,-1.1593259874943196,12.00611576882846
1746661642.5051556,302,19.83431120178064,running,155.44676006505532,-1.4994435941139077,0.03339562799050806,9.691804974404716
1746661642.6163673,304,20,running,157.44676006505532,-0.985305991208152,0.9376274080822968,8.039386533723912
1746661642.7267864,306,20,running,159.44676006505532,0.5638606026758488,1.349054689627297,11.510114485520592
1746661642.836728,309,20,running,161.44676006505532,1.6626918316523254,0.24179094029654066,10.088047821912461
1746661642.9460938,313,20,running,163.44676006505532,0.7589615160972689,-1.1656959667895426,8.3350430718584
1746661643.0564442,317,20,running,165.44676006505532,-1.1412023326039118,-1.3376818619176356,11.230608194163874
1746661643.1679924,320,19.938629646948733,running,167.44062302975018,-1.3745993640454768,-0.3296677765012398,10.001419431160866
1746661643.2786322,324,20,running,169.44062302975018,-0.9010152212792373,1.4179347469904955,7.837543143495751
1746661643.3889806,328,19.951206530915243,running,171.43574368284172,0.7492865189447592,1.1681603807870684,11.172662349789723
1746661643.5010965,332,20,running,173.43574368284172,1.7375516876318984,0.22950639879598764,10.230681014663888
1746661643.61431,334,20,running,175.43574368284172,0.3747175600021531,-1.0093251353863877,8.589504344370289
1746661643.7235765,337,20,running,177.43574368284172,-0.7320029951836962,-0.9825803142467938,11.10975406339821
1746661643.8331852,339,20,running,179.43574368284172,-1.8631424624648558,0.37879221583744677,10.12333050379098
1746661643.9433486,342,19.910388075281375,running,181.42678249036985,-0.7526945575588841,1.082056065098711,8.547206603068165
1746661644.0514326,346,20,running,183.42678249036985,0.31474205254576815,1.5151809551831183,11.712407096254505
1746661644.1613255,348,20,running,185.42678249036985,1.7162559764883318,0.19972430673512076,10.033692884202143
1746661644.27036,350,20,running,187.42678249036985,0.5977819363939865,-1.0161581889890563,7.614706873609222
1746661644.3807142,354,20,running,189.42678249036985,-0.8713741235017957,-1.2007973880026128,10.912790331247036
1746661644.489833,357,20,running,191.42678249036985,-1.5534480037832126,-0.4393665826828115,10.455706664726588
1746661644.600328,361,19.778457087942286,running,193.40462819916408,-0.594164204227057,0.9442196160893384,8.213772584698916
1746661644.711145,365,19.99485500422131,running,195.40411369958622,0.9256636979477492,0.975401618621163,11.645181150743555
1746661644.8200576,368,19.990956466459217,running,197.40320934623213,1.6776175700185967,0.13495041042081096,10.804291612808697
1746661644.931514,372,20,running,199.40320934623213,1.1543568449022161,-1.1654027346866693,7.523330249591362
1746661645.0426383,374,20,running,201.40320934623213,-0.5142302978584101,-1.6929838696827595,11.528346322042676
1746661645.1514683,376,20,running,203.40320934623213,-1.1962994624269865,-0.4414460554483129,10.600605461038949
1746661645.2611763,380,19.877292212580695,running,205.3909385674902,-1.0433592356791104,1.438433762953987,7.57908626137311
1746661645.3712554,384,20,running,207.3909385674902,0.6810139031439794,1.4816567753190717,11.573275858638608
1746661645.4826062,386,20,running,209.3909385674902,1.7223410019465746,-0.04104497754108108,10.668780579621899
1746661645.592489,389,19.792377215660988,running,211.3701762890563,1.32303722580721,-1.4848451826640239,7.908993333494872
1746661645.7028613,391,20,running,213.3701762890563,-0.6274668052619906,-1.6702168156911432,11.454091770163874
1746661645.8149126,393,19.84967689729439,running,215.35514397878575,-1.1570782228480745,-0.43242192873839447,10.217836059007354
1746661645.926503,395,20,running,217.35514397878575,-1.388176360391891,1.0789083996054165,7.853057686126206
1746661646.0332875,399,20,running,219.35514397878575,0.6287278015392932,1.3616117962425047,10.865540762381006
1746661646.1422992,403,19.77719542376982,running,221.33286352116272,1.2649644644376288,0.6433932276980228,10.628709006071414
1746661646.2533133,405,20,running,223.33286352116272,0.7641046223508439,-0.7915285228145664,8.033009147806922
1746661646.3636878,408,19.778414651839366,running,225.31070498634665,-0.04669042510152388,-1.6479121121713876,10.666733104411936
1746661646.4742858,410,20,running,227.31070498634665,-1.7765302020790668,-0.12100801836524566,11.052165229765272
1746661646.586405,414,20,running,229.31070498634665,-0.7084790398902575,1.4140073034528677,7.729580323264872
1746661646.6966155,417,20,running,231.31070498634665,0.039425819980455024,1.2642294944319967,10.744311586452561
1746661646.808022,420,19.85231264848303,running,233.29593625119495,1.7925467014229055,0.35511147605379484,10.72545593568377
1746661646.9179688,422,19.830239819248213,running,235.27896023311976,1.1766846113311233,-0.8333810638078927,8.239826441942665
1746661647.0295978,425,20,running,237.27896023311976,-0.28173444588492047,-1.3410293382979863,10.967045306288266
1746661647.1419222,427,20,running,239.27896023311976,-1.693041887601348,0.025126172286342396,10.534525992853023
1746661647.2535546,429,20,running,241.27896023311976,-1.2097283928503193,1.2153657673801648,7.968850831629471
1746661647.364619,433,20,running,243.27896023311976,0.5918639031986735,1.7020485321888512,10.94818738240342
1746661647.473175,436,20,running,245.27896023311976,1.4783533886240756,0.48912886587487614,11.131435699129693
1746661647.5828319,440,20,running,247.27896023311976,1.0950825041418073,-1.1749671127529038,7.677368370842496
1746661647.6918237,443,20,running,249.27896023311976,-0.11202133730424485,-1.2119943872578403,10.8480705590056
1746661647.8029044,445,20,running,251.27896023311976,-1.7911443696425733,-0.8074166727631094,10.988495427397623
1746661647.913487,445,20,jumping,253.27896023311976,-0.3445198397339082,1.0688723678766028,9.132518173464604
1746661648.0227895,447,19.86272077124745,jumping,255.2652323102445,-0.019317908475181778,1.1819131840790296,10.028983015998834
1746661648.1315284,447,20,jumping,257.2652323102445,-1.1471667022988647,-0.3076889717624187,8.966228496960689
1746661648.2425332,447,20,jumping,259.2652323102445,1.0512325942782166,1.940565571179635,10.783589312809271
1746661648.3515,447,20,jumping,261.2652323102445,1.3128135532770364,-0.5694157693749107,10.465156590497006
1746661648.461446,448,20,jumping,263.2652323102445,-0.01724504059155718,-0.54659533663812,10.685278312615358
1746661648.569706,450,19.81325587304882,jumping,265.2465578975494,-1.9475428631684375,-1.4884754176862742,8.904231451343698
1746661648.6795957,451,20,jumping,267.2465578975494,1.4186105209675488,-0.58390005332206,9.794178559855728
1746661648.7879288,452,19.704308411295603,jumping,269.21698873867894,-0.756676638126053,0.6865285898018705,10.180549733040653
1746661648.8987513,454,20,jumping,271.21698873867894,0.2644075098349514,1.3462826999689002,9.479959370814946
1746661649.004974,454,20,jumping,273.21698873867894,1.8245515710961797,1.8612639693997681,8.8854681753755
1746661649.1154783,455,20,jumping,275.21698873867894,0.2531957498784916,-0.3778707797370724,9.37410005922029
1746661649.226104,455,19.678042653277974,jumping,277.18479300400674,-1.9687356088116679,1.9294992574629304,18.616842256019574
1746661649.3364193,456,20,jumping,279.18479300400674,0.8967828281182171,1.5990127339686442,8.985420361514608
1746661649.4455843,458,19.855821273554444,jumping,281.17037513136216,-0.5615432471409463,0.9037630918966255,9.546748066020855
1746661649.5544882,459,20,jumping,283.17037513136216,0.4834794152117827,-1.9800053346610973,9.32406305815916
1746661649.6636999,461,19.68712788473128,jumping,285.1390879198353,-1.739389723839221,1.3182616373600995,8.825623706657758
1746661649.7723978,462,19.437571583723443,jumping,287.08284507820764,0.46428551582782607,1.6007144273025053,10.234202438734233
1746661649.8830252,463,19.423094877158746,jumping,289.0251545659235,0.6073412744903726,0.05939517570824693,10.31882061743502
1746661649.9920645,465,19.875659684574618,jumping,291.012720534381,0.5031701496270311,0.23831250642826873,9.949116604527875
1746661650.1031334,466,20,jumping,293.012720534381,-1.8680054929312728,0.11391448837379015,9.125540162671136
1746661650.2130892,466,20,jumping,295.012720534381,1.1172247128177908,-1.413454863798734,10.561800947333303
1746661650.3242242,466,19.601140184647665,jumping,296.97283455284577,1.9550775807615879,1.4325251168158846,10.276097623284226
1746661650.4339318,467,19.842446628994267,jumping,298.9570792157452,1.6243216177302022,1.4305466500382358,9.376950284955338
1746661650.544383,468,20,jumping,300.9570792157452,0.6812708677843466,-1.105571139441027,10.774946848985259
1746661650.6511946,469,20,jumping,302.9570792157452,-1.6199079903931906,0.7148353184879457,9.507574384699122
1746661650.764869,470,20,jumping,304.9570792157452,-1.639251305501332,1.0668412806672007,8.889389219649802
1746661650.8678477,472,20,jumping,306.9570792157452,0.7562054770173252,0.42347981542840163,10.34431624005215
1746661650.9773855,472,20,jumping,308.9570792157452,-1.0427294996996546,-0.7752862846565094,9.667443287576969
1746661651.0874355,474,19.88872515862784,jumping,310.945951731608,0.7787057961214754,1.3345126941745575,9.15219524644139
1746661651.1971636,475,20,jumping,312.945951731608,-0.6086105650412148,0.846591321788082,9.3722373304227
1746661651.3068612,475,20,jumping,314.945951731608,0.16023961468932324,-0.6430337686993619,9.229458137007082
1746661651.4174376,476,20,jumping,316.945951731608,-0.6571547519553085,-0.39477220140971037,9.892589040181978
1746661651.5241625,478,19.740792847764897,jumping,318.9200310163845,-1.2353977257199489,-0.4840441424366517,9.540261553843788
1746661651.6327865,479,20,jumping,320.9200310163845,-0.5986170178437766,1.0410935519708757,8.852843178568824
1746661651.7439628,479,20,jumping,322.9200310163845,-1.5699580105108701,-0.8177303440898869,10.53817367739761
1746661651.8547695,479,19.895105941846975,jumping,324.9095416105692,1.9454143484200994,-0.7801829647904808,10.494680209663205
1746661651.9659498,481,19.922160531358116,jumping,326.901757663705,0.30285288672221355,-0.33216928245563526,9.354488312807938
1746661652.077318,481,20,jumping,328.901757663705,-1.8608409895238585,-1.9246093305001009,9.459516773761148
1746661652.187574,482,19.77540655454692,jumping,330.87929831915966,1.1361442311585725,0.947141604033539,10.211891577925831
1746661652.2988842,484,20,jumping,332.87929831915966,1.6240373171679998,-0.4893769171489688,10.064380436072279
1746661652.4066842,485,19.75951673826362,jumping,334.85524999298605,-1.1503097445962687,-0.4633735484320778,9.944445373568195
1746661652.5172043,487,20,jumping,336.85524999298605,0.9455174961716843,-1.4606680278565949,9.834089972503813
1746661652.6270363,489,20,jumping,338.85524999298605,0.005756329668040738,-0.9632343599440905,10.69612164162945
1746661652.7384202,491,19.571528826688155,jumping,340.81240287565487,0.3222196070012666,-0.3749116399116432,9.77583888217213
1746661652.8500693,493,20,jumping,342.81240287565487,1.682730809364673,-0.7636385064040465,10.720062503917223
1746661652.9591246,495,20,jumping,344.81240287565487,-0.9979999958213766,0.4928398687391815,9.337838856555171
1746661653.069621,497,20,jumping,346.81240287565487,0.8172238147384157,-1.8801371705610452,8.961790604319205
1746661653.1818306,499,20,jumping,348.81240287565487,-0.34069118134253573,0.8518213780510004,10.717887885309734
1746661653.2916336,499,20,jumping,350.81240287565487,-1.5015734895954846,-0.20534083787746837,10.625702173841635
1746661653.4005923,502,19.850656108443303,running,352.7974684864992,0.49955864120764193,1.2501363329715587,11.575968773495008
1746661653.5109746,504,19.807121043598375,running,354.77818059085905,1.886074634175893,0.2449977986550048,9.563713909356162
1746661653.620814,506,20,running,356.77818059085905,0.29954109682020563,-1.5604693959769609,8.558960894648308
1746661653.73093,508,20,running,358.77818059085905,-0.698031384122625,-1.2465296806213186,11.885246427682127
1746661653.8397179,511,20,running,360.77818059085905,-1.5222908157155546,0.12951368661074447,9.19543148417283
1746661653.9498577,513,20,running,362.77818059085905,-0.2968321777975882,1.4636487351821494,8.383290261936624
1746661654.059006,515,20,running,364.77818059085905,0.5083964833085104,1.4921722823395211,12.069188501870086
1746661654.1670482,517,20,running,366.77818059085905,1.486761286081551,-0.25300094996401223,10.02570577812703
1746661654.2772145,519,20,running,368.77818059085905,0.8946289132211069,-0.9016706870273254,8.43057395095159
1746661654.3931427,522,19.84316137038589,running,370.76249672789766,-0.4568862047050448,-1.6429736456852417,11.712044144547475
1746661654.4988632,526,19.869851507546294,running,372.74948187865226,-1.1900618743920424,-0.31095183279603356,9.953695213149052
1746661654.6079032,529,20,running,374.74948187865226,-1.1102744568829657,1.6659198397053785,7.70608738279991
1746661654.7151203,532,20,running,376.74948187865226,0.38467701468222315,1.2411304551250075,11.737264506250249
1746661654.8255923,534,19.811798093858123,running,378.7306616880381,1.5976457009648297,-0.06406632518424091,9.741174538799674
1746661654.9360113,536,20,running,380.7306616880381,1.0880162372418165,-1.381170793628503,8.330771045589596
1746661655.0456166,540,20,running,382.7306616880381,-0.7669631972061862,-1.3254826970557094,11.822163851753887
1746661655.1557019,544,19.931716012836052,running,384.7238332893217,-1.7767956607824766,-0.23831847272803808,10.471266582607775
1746661655.2631476,548,20,running,386.7238332893217,-1.017517093949286,1.241109498933259,7.816533041425343
1746661655.3726394,551,20,running,388.7238332893217,0.6454097884286976,1.3414355780680927,11.258598775745309
1746661655.4834356,553,20,running,390.7238332893217,1.8001279440045832,0.3933949516092676,9.947472961251236
1746661655.5921507,555,20,running,392.7238332893217,1.0974190630742813,-1.0176048881896915,7.527298224583829
1746661655.7018554,557,20,running,394.7238332893217,-0.16132243121044265,-1.4884991302217396,11.254576961317019
1746661655.8118687,561,20,running,396.7238332893217,-1.548258212176902,-0.6493769536387177,10.488098079882356
1746661655.9217634,565,20,running,398.7238332893217,-0.8210583292823878,1.1276813764830573,8.12391486010189
1746661656.0346484,568,20,running,400.7238332893217,0.847612718772434,1.346709604126684,10.806777342772646
1746661656.1424174,571,20,running,402.7238332893217,1.4732329705333571,0.45259140404850684,11.142344299835312
1746661656.2514184,574,19.84766490176358,running,404.70859977949806,1.2268953347164249,-0.8243399567640426,7.398429248811678
1746661656.361617,578,20,running,406.70859977949806,-0.5584961978681992,-1.3671486706510674,10.633245622139249
1746661656.4729578,581,20,running,408.70859977949806,-1.0962373102041645,-0.05523785319037833,11.051062064615786
1746661656.5834103,584,20,running,410.70859977949806,-1.114468601979628,1.2160303321284465,8.0286273179528
1746661656.6937597,587,20,running,412.70859977949806,0.16511535458175322,1.0784010414228729,10.935410865553004
1746661656.8028307,589,20,running,414.70859977949806,1.6503051014462802,0.8183580822905502,11.182034056968957
1746661656.9144187,592,19.850123143355955,running,416.6936120938337,1.353886901829164,-1.261120930403987,7.615436910200006
1746661657.024793,595,20,running,418.6936120938337,-0.43604946490286867,-1.3941156754108974,10.286962833434526
1746661657.135878,597,20,running,420.6936120938337,-1.175445004214272,-0.36186271351288174,11.276757132589339
1746661657.2466066,599,20,running,422.6936120938337,-0.8819442571549115,1.1124165138549875,7.879439300632496
1746661657.3561347,602,19.776573201039422,running,424.67126941393764,0.21638504363921535,1.6715546364553386,10.617992579349256
1746661657.4676185,605,20,running,426.67126941393764,1.440869995663724,0.21978647820107122,11.080416731482824
1746661657.581361,609,19.950347371690196,running,428.66630415110666,0.825688915100148,-1.1919069577592833,7.868726773622124
1746661657.6864476,611,20,running,430.66630415110666,0.01970409733657591,-1.8370302974156352,10.911325621953157
1746661657.8019547,615,20,running,432.66630415110666,-1.3795467617444823,-0.34346569841598024,11.466680372460072
1746661657.906763,618,19.958544389708035,running,434.66215859007747,-1.472181983696891,1.2221964970312786,7.86943074541653
1746661658.0166156,620,20,running,436.66215859007747,0.6110001598483632,1.1047583407655386,10.415459249466641
1746661658.127642,622,19.757336317976794,running,438.6378922218751,1.2007658491525164,0.19366941372759022,11.077731022890577
1746661658.2391038,626,20,running,440.6378922218751,1.0699628216849528,-1.141407160182201,7.436245281505361
1746661658.351752,628,19.91820417676915,running,442.62971263955205,0.11918342390900827,-1.5794399716170884,10.754833753431159
1746661658.4608908,632,20,running,444.62971263955205,-1.5455537525562404,-0.5324852737439489,10.960255544734942
1746661658.5686977,634,20,running,446.62971263955205,-1.016668931662383,0.9784351058049453,7.961587465423591
1746661658.6801305,637,20,running,448.62971263955205,-0.19595595739175004,1.3998377776252169,10.368045997837626
1746661658.7896075,640,20,running,450.62971263955205,1.1772844564601945,0.2927840192636476,11.173298640158219
1746661658.8987496,644,20,running,452.62971263955205,1.0886216981069083,-1.0392027358650595,7.439476160325768
1746661659.0059981,646,19.84287145631735,running,454.6139997851838,0.14128830317588992,-1.6969112540661477,10.419485852937362
1746661659.1161017,649,20,running,456.6139997851838,-1.2798579166448603,-0.979157027425654,10.988946412462408
1746661659.226358,652,20,running,458.6139997851838,-0.9212758435959532,1.17611707777373,7.60630669979596
1746661659.3364844,655,20,running,460.6139997851838,0.09741652614462232,1.8808911501202479,9.723505060129112
1746661659.4450483,657,20,running,462.6139997851838,1.6153110684458327,0.7690676943513151,11.400178681213864
1746661659.5567412,659,19.9187786123497,running,464.6058776464188,0.9743508308829534,-0.43426974016942577,7.657827975047792
1746661659.6678226,661,20,running,466.6058776464188,0.01312595944045894,-1.318498257223346,9.434135885201657
1746661659.777387,665,19.895562499835815,running,468.59543389640237,-1.354733088846653,-1.1041410102168734,11.582601144671152
1746661659.8869598,667,19.812477513828348,running,470.5766816477852,-1.6769532879972544,1.0194037951311512,7.746109845100191
1746661659.9968433,669,19.986880154755394,running,472.57536966326074,-0.13064253178849816,1.327320183067686,10.085865192361124
1746661660.1068673,672,19.975208436691094,running,474.57289050692987,1.561611172154667,0.6239119164443905,11.991523538349437
1746661660.215391,676,20,running,476.57289050692987,1.185800965826678,-0.9567575779044928,8.132748066818577
1746661660.326878,678,20,running,478.57289050692987,0.1764760215145354,-1.553417013731777,9.227583921225806
1746661660.4429865,682,19.812838286554125,running,480.5541743355853,-1.6131753086881184,-0.8689351376175981,11.632461563866137
1746661660.5485463,685,19.68242264049029,running,482.5224165996343,-1.3108375100387777,0.575072751480578,8.3225526879183
1746661660.658916,687,19.434374064426066,running,484.46585400607694,-0.03370218788596496,1.610083338895647,9.22491554760824
1746661660.7679262,690,19.792678100743267,running,486.44512181615124,1.120476512671359,1.0041801915268485,11.931915469815312
1746661660.8790662,693,20,running,488.44512181615124,1.2296262981824015,-0.9267709902518912,8.24346345528112
1746661660.9898221,696,20,running,490.44512181615124,0.45963883711244136,-1.1696863177706645,9.75476665003735
1746661661.1002474,698,20,running,492.44512181615124,-1.1512437251810628,-0.5087053378938553,11.818203763572672
1746661661.2115195,701,20,running,494.44512181615124,-1.2069071630512673,0.8978995767129725,8.271732442956532
1746661661.3221765,705,20,running,496.44512181615124,0.15937189058583268,1.4155966489241112,9.06783386708687
1746661661.4320278,707,20,running,498.44512181615124,1.3436803412383111,0.7036222101979936,12.071219073899707
1746661661.541151,711,19.86677735734368,running,500.4317995518856,1.6302607771340791,-0.2877574421238891,8.34163040547319
1746661661.6493034,713,19.710843124796806,running,502.40288386436526,0.07757565160014906,-1.8631764675399747,8.97482840575661
1746661661.7587562,715,19.836338636069193,running,504.3865177279722,-1.1860456665054033,-0.7143639275786794,11.327905416223656
1746661661.868103,718,20,running,506.3865177279722,-1.7004655337508343,0.09507999275454465,8.8159250446911
1746661661.9783885,722,19.80147661780371,running,508.3666653897526,-0.16618993208171018,1.719220330954725,8.890410599601685
1746661662.0873332,724,20,running,510.3666653897526,1.3785542990699255,1.2822254040905827,11.861040141282306
1746661662.19583,726,20,running,512.3666653897526,1.6357255208930144,-0.3803822570036476,9.15811700916586
1746661662.3048818,728,20,running,514.3666653897526,0.529727167216399,-1.146686675735311,9.274330419138487
1746661662.415965,730,20,running,516.3666653897526,-1.271944392088006,-1.4332092845566102,11.84308502802266
1746661662.5258293,733,20,running,518.3666653897526,-1.1181976936227147,0.024655090197133467,8.780310265897256
1746661662.6353946,737,20,running,520.3666653897526,-0.3505042076226434,1.5359993197078783,8.861871063767854
1746661662.7449973,741,20,running,522.3666653897526,0.8061151455205834,0.7612981189286503,12.103175381486878
1746661662.856144,744,20,running,524.3666653897526,1.2145326562319396,-0.15168274010591443,8.493653416095938
1746661662.9657323,748,20,running,526.3666653897526,0.6068778665599734,-1.1341239229279236,8.845653587909052
1746661663.0756602,752,20,running,528.3666653897526,-1.122665074321207,-0.9869225335190868,12.195939470696366
1746661663.186154,755,20,running,530.3666653897526,-1.180525288865796,-0.0645319327693919,8.912106776519282
1746661663.2960923,757,20,running,532.3666653897526,-0.5080074141703644,1.0636968454437299,8.141198108673775
1746661663.4063473,761,20,running,534.3666653897526,1.3306081117225168,0.7883325597675195,12.049793537356152
1746661663.5167205,763,20,running,536.3666653897526,1.2249608323149226,-0.42009327667692664,9.21105885510599
1746661663.627735,766,20,running,538.3666653897526,0.53295944184605,-1.5346114583139308,8.765527393851032
1746661663.740813,769,20,running,540.3666653897526,-0.7885666771909384,-1.428056845975128,12.055685139205814
1746661663.8509057,771,20,running,542.3666653897526,-1.681668835397198,0.48286414613203416,9.197221875495575
1746661663.9614756,775,20,running,544.3666653897526,-0.260228542112239,1.1035190819387044,8.360049887059832
1746661664.0717912,778,20,running,546.3666653897526,1.2317379626422351,1.0468911671924976,11.555459885575024
1746661664.1803148,780,20,running,548.3666653897526,1.4733437906293756,-0.01491867621757309,9.335480273379389
1746661664.2903655,784,20,running,550.3666653897526,0.6603151985009499,-1.3434000070372931,8.412865110652614
1746661664.4019578,785,20,jumping,552.3666653897526,-0.10318491556871967,-0.6585053624143633,8.91302157769813
1746661664.5120847,787,19.89916807707921,jumping,554.3565821974605,-1.6444028371881783,-1.3940900579603785,9.364035921610707
1746661664.6226337,787,20,jumping,556.3565821974605,-1.8690642981863883,0.5883801426816917,10.53166349022465
1746661664.730862,788,20,jumping,558.3565821974605,0.21509990769269116,-0.516407518471687,10.346586003450092
1746661664.8405113,790,20,jumping,560.3565821974605,1.40226796776704,1.0976218905310167,9.30273892745292
1746661664.9532177,791,20,jumping,562.3565821974605,1.882350053582008,-1.5606465982191047,9.863561427530076
1746661665.0592546,792,20,jumping,564.3565821974605,-1.0657831770599389,-0.09803235667502319,9.270669499312197
1746661665.1690068,794,20,jumping,566.3565821974605,-0.9177313231633177,1.9976755512377387,10.673489714979787
1746661665.280561,795,20,jumping,568.3565821974605,1.7761423173674795,-1.5493123868752088,9.726369077547634
1746661665.3915274,796,20,jumping,570.3565821974605,0.9569268162346694,-0.5266486141839093,9.065487571798892
1746661665.507818,797,19.923304573820097,jumping,572.3489126548425,-1.3637637936015397,0.5317581260802844,10.103552802097047
1746661665.6130974,797,20,jumping,574.3489126548425,-0.7202091409359608,-0.7183304929678798,9.834872991400609
1746661665.7245088,798,20,jumping,576.3489126548425,-1.8186268675832702,-0.3444877393679491,10.795599221622135
1746661665.8335338,798,20,jumping,578.3489126548425,-0.4580682142125454,-1.8003666376183056,10.46998257005874
1746661665.945679,800,20,jumping,580.3489126548425,-1.9486978557331724,-1.5102612659633214,9.126508061280232
1746661666.0557604,801,20,jumping,582.3489126548425,-0.3369659435482961,0.6241078241953333,9.592130624607497
1746661666.1665392,801,20,jumping,584.3489126548425,1.6352680784797329,0.67840969771644,9.571966532812358
1746661666.276504,801,19.945846557839744,jumping,586.3434973106265,0.01906766602309906,-0.6046753274950323,8.89582338466838
1746661666.3867404,803,19.63220606241899,jumping,588.3067179168684,1.0416063151789627,-1.099867400563519,10.670852071797157
1746661666.4971564,805,20,jumping,590.3067179168684,-0.9155718152927945,1.966986379196463,9.119780870470116
1746661666.6080747,806,20,jumping,592.3067179168684,-0.8682485720937376,-1.8535416090040924,9.443735826975066
1746661666.7209368,807,19.8939573988631,jumping,594.2961136567546,1.7538839917894102,0.20341817410018903,9.543235563968802
1746661666.827921,807,20,jumping,596.2961136567546,1.2008827793278782,1.057121425062086,9.437529346479936
1746661666.9383547,808,19.985627555136396,jumping,598.2946764122682,-1.2172011278959167,-1.3038412025445316,16.60213465805787
1746661667.0497642,809,20,jumping,600.2946764122682,1.1786576463403828,-0.05457928138854484,15.919254817151614
1746661667.1605337,810,20,jumping,602.2946764122682,1.5131999215690572,1.0319793936468789,9.811822032012564
1746661667.2697105,811,20,jumping,604.2946764122682,-1.917059724970113,-0.05282404224370296,10.780288056069983
1746661667.378675,811,20,jumping,606.2946764122682,1.6804702999623382,-0.19160124009388646,9.560958821732887
1746661667.4896758,812,20,jumping,608.2946764122682,0.22628849797373407,1.8954193275402007,10.218984317352675
1746661667.597689,812,20,jumping,610.2946764122682,1.7026910890917395,-1.4035224569069094,9.54694311732838
1746661667.709732,814,20,jumping,612.2946764122682,1.9408863210351135,-1.0658326562125264,10.639166195620671
1746661667.8202765,814,20,jumping,614.2946764122682,1.3323327143033437,0.3275059812469645,9.58057713012623
1746661667.9295807,815,20,jumping,616.2946764122682,1.6586053673742591,0.8773020759708259,10.02074601161015
1746661668.0377362,816,20,jumping,618.2946764122682,0.6657949394991647,-0.7786682094142474,10.431742400839296
1746661668.1492527,816,20,jumping,620.2946764122682,0.5509475556742989,0.8615150768378603,9.620053957215097
1746661668.2602596,818,20,jumping,622.2946764122682,-0.2614702729366689,-0.2018887834827443,10.730761587631598
1746661668.3707747,819,20,jumping,624.2946764122682,1.955013360249405,-0.7728311540898343,15.10431787880903
1746661668.4828393,820,20,jumping,626.2946764122682,-1.881467163308181,1.7594900447503652,9.989209967246733
1746661668.593785,820,20,jumping,628.2946764122682,-1.4120928492582743,0.16568790413172962,10.505737547161429
1746661668.7039382,821,19.65787100318898,jumping,630.2604635125872,0.6782589844442795,-0.25677622174870773,9.32482385461868
1746661668.8126266,823,19.360818743696054,jumping,632.1965453869568,-0.5942894271675723,-1.2608637726575131,9.039682994050548
1746661668.922576,825,20,jumping,634.1965453869568,1.200850888673176,0.9505562069758864,8.941014876648202
1746661669.0376632,827,20,jumping,636.1965453869568,-0.18546905908989286,0.39944819795347364,9.746940590217472
1746661669.1437173,829,20,jumping,638.1965453869568,-0.9006105321851008,-1.290048828044502,10.522504270671854
1746661669.2544532,830,19.6639796240806,jumping,640.1629433493649,-0.9999360910391757,-1.8511599772412266,10.705499263888473
1746661669.3628972,831,20,jumping,642.1629433493649,-1.1876192223517852,0.8505579012914954,9.615754032396927
1746661669.4735355,831,20,jumping,644.1629433493649,1.801542686854821,0.9014238848119622,10.348000967096782
1746661669.5871909,832,20,jumping,646.1629433493649,-0.1892005036327249,-1.6272414933066703,9.604108654140324
1746661669.6939316,833,19.613801757667677,jumping,648.1243235251317,0.3137648824022028,1.6211426542264666,10.100214408253962
1746661669.80492,835,19.94522617442826,jumping,650.1188461425745,-1.5277648079300534,1.5782574246679375,10.201970800109056
1746661669.9139993,835,19.864458990745753,standing,652.1052920416491,-0.029562091213849853,-0.0335071178586325,9.716724490480892
1746661670.0253236,835,19.77368599435438,standing,654.0826606410845,0.005795526014095206,0.07064365538726228,9.752161549645267
1746661670.1341386,835,19.810684553640314,standing,656.0637290964486,0.08627849590859882,-0.007955353333578927,9.847821880028285
1746661670.2449853,835,19.811968598877826,standing,658.0449259563363,0.07122140516131045,0.008438935563274727,9.759551099308435
1746661670.355008,835,19.86958781449409,standing,660.0318847377857,0.009717509839552371,0.0401679803654483,9.830912680436402
1746661670.465007,835,19.77383350165529,standing,662.0092680879512,-0.00043486068751671936,-0.014691635798506339,9.866436044747378
1746661670.5750563,835,19.717981915403044,standing,663.9810662794915,-0.006212421514874819,-0.016103690265633144,9.749082799320027
1746661670.6850455,835,19.639856127965185,standing,665.945051892288,-0.09391147140398944,-0.06215909672818425,9.736661874067618
1746661670.7968671,835,19.551497501240036,standing,667.900201642412,0.044533311015109406,0.008016498504337874,9.767479774089658
1746661670.905068,835,19.60295146295167,standing,669.8604967887071,-0.0928766925167544,0.00934469364533723,9.716676439122326
1746661671.0156026,835,19.646182434958202,standing,671.8251150322029,-0.08224307053804798,0.06251508045805865,9.845693718416156
1746661671.1214771,835,19.56200319102665,standing,673.7813153513056,-0.039359072516862464,0.0792265273674268,9.846518615936654
1746661671.2315083,835,19.610205371538466,standing,675.7423358884595,-0.08756034290361224,0.039125344966982056,9.757441829751304
1746661671.3421319,835,19.612777101384232,standing,677.7036135985979,0.06336105043015469,-0.09351187950879253,9.72799909727675
1746661671.4539752,835,19.63461609979909,standing,679.6670752085779,0.0372243644150696,0.01253927346900889,9.77738765396788
1746661671.5656633,835,19.733044305127457,standing,681.6403796390906,0.05391776891790667,0.0679069692355907,9.784000763117685
1746661671.6743064,835,19.68334659720458,standing,683.608714298811,0.08481314917022426,-0.016460757220875546,9.899845573397233
1746661671.7881572,835,19.682448450078898,standing,685.576959143819,0.07323213865249689,-0.04151544697206864,9.831050778261332
1746661671.891815,835,19.71192578653701,standing,687.5481517224727,0.053517455144264786,-0.09357848095086357,9.796467573800692
1746661672.002901,835,19.77944177811878,standing,689.5260959002845,0.037259024099121185,0.03753805473610375,9.779826259643762
1746661672.1134963,835,19.725999895245135,standing,691.498695889809,0.0666579079287622,0.08300487970385889,9.712536471813438
1746661672.224156,835,19.662035265163684,standing,693.4648994163254,-0.0362787293408587,-0.0036601893061546653,9.895069832762339
1746661672.3362305,835,19.750043857480968,standing,695.4399038020734,-0.07171616863253912,0.018091963604392997,9.8670244694236
1746661672.4465425,835,19.773693174128777,standing,697.4172731194864,-0.05787254909746702,-0.0844837966274775,9.839163168469696
1746661672.5570967,835,19.747145034198773,standing,699.3919876229063,0.027479102831007463,0.07604172854356761,9.821722468030007
1746661672.6674695,835,19.672790078452437,standing,701.3592666307516,-0.09675910285915275,-0.09287901058687004,9.72766757115828
1746661672.7780318,835,19.603390155733734,standing,703.3196056463249,-0.012950264258529964,0.02422348672751881,9.833564023415715
1746661672.885312,835,19.658239363758092,standing,705.2854295827008,-0.023351617777811584,0.07359124291569713,9.839981699815644
1746661672.9973693,835,19.702767781532838,standing,707.2557063608541,-0.09670940205176462,0.018619092248956567,9.738847182723761
1746661673.1073189,835,19.800234523710465,standing,709.2357298132251,0.057882115892668645,0.04113589738443518,9.803669556914008
1746661673.215574,835,19.71015209109905,standing,711.206745022335,-0.061874556426172705,0.011151081655530068,9.780387424274004
1746661673.3238516,835,19.72202342071127,standing,713.1789473644061,-0.005880244215040326,0.0010019119519876218,9.715116542459006
1746661673.434432,835,19.70777019742714,standing,715.1497243841488,-0.006615839312806293,-0.04654629450799133,9.841110718627954
1746661673.5429628,835,19.774578132464317,standing,717.1271821973953,0.06767436034345448,-0.030817779131190798,9.780750962689622
1746661673.6530797,835,19.777629667387348,standing,719.104945164134,-0.02177077086745223,-0.010063266283138625,9.810612988226397
1746661673.7633913,835,19.746781328959766,standing,721.07962329703,0.04034973798601252,-0.015319385481888909,9.791733943131726
1746661673.8741574,835,19.77810407880825,standing,723.0574337049109,0.0792628234528896,-0.09900161884090349,9.717079393785214
1746661673.984412,835,19.83330956723674,standing,725.0407646616345,0.06918306880217603,0.03806590857731432,9.794534401568162
1746661674.095226,835,19.844777926916066,standing,727.0252424543261,-0.02534474085069234,0.04392460214345986,9.72186539717296
1746661674.205236,835,19.843837471672963,standing,729.0096262014933,-0.028174481695491305,0.08250400309603478,9.72188080161421
1746661674.3136983,835,19.850321351222565,standing,730.9946583366157,0.09494014190723593,-0.07885509121620111,9.81450768534336
1746661674.4235492,835,19.870390530012497,standing,732.9816973896169,-0.08761509290335726,-0.044294414074958356,9.711479781732681
1746661674.5337133,835,19.907459390986613,standing,734.9724433287156,0.018316512927147935,-0.026516237862399872,9.798633081585791
1746661674.6444857,835,19.831197908361013,standing,736.9555631195517,0.0341455320641913,-0.08430835163342457,9.880583745685612
1746661674.7525141,835,19.779794284194953,standing,738.9335425479712,0.013548856858429575,0.006130321478391057,9.81650709105069
1746661674.8614986,835,19.844596782821363,standing,740.9180022262534,-0.04739796019572349,-0.06811718257906949,9.80491880687908
1746661674.9711652,835,19.917180204929274,standing,742.9097202467464,-0.03138845808472948,-0.0623463239871066,9.762272370783627
1746661675.0815449,835,20,standing,744.9097202467464,-9.551904765021935e-05,-0.010544400383492691,9.798663739327013
1746661675.1944566,835,20,standing,746.9097202467464,-0.03381873798892275,0.07786134632107575,9.88236579079064
1746661675.3035781,835,20,standing,748.9097202467464,0.0470278675120655,-0.08565149623823896,9.86002420953713
1746661675.414576,837,20,jumping,750.9097202467464,0.6635752538296735,-0.8994400148931274,9.815743464622042
1746661675.5245848,837,20,jumping,752.9097202467464,1.699935401543533,-1.0155561295377753,9.737067201564335
1746661675.634229,838,19.961533978043057,jumping,754.9058736445506,-1.2403302726388068,0.9447237159963127,9.364947686478633
1746661675.7438607,839,20,jumping,756.9058736445506,1.1020475994265269,0.814194526088607,10.019099026005795
1746661675.855621,840,20,jumping,758.9058736445506,-1.324616276095682,0.6065924158824543,10.096858321509016
1746661675.9665692,841,20,jumping,760.9058736445506,-1.829089939730408,0.6048775505325805,8.988238704736899
1746661676.0758147,843,20,jumping,762.9058736445506,-0.44989576234104023,-1.7815015935616554,8.838755824508024
1746661676.1845345,844,20,jumping,764.9058736445506,-1.4402849234059714,-0.7294577999089178,9.680168149892905
1746661676.2957864,844,20,jumping,766.9058736445506,0.0917391747580032,-1.1231305961372255,9.890505352367366
1746661676.4046,844,20,jumping,768.9058736445506,-0.934606802295308,1.2242539909601229,9.362675204757407
1746661676.5153143,846,20,jumping,770.9058736445506,-0.46382365306380224,0.8675623326183919,10.792462977685155
1746661676.6251464,848,20,jumping,772.9058736445506,1.0030908223159702,-0.44684724349896543,10.160888298948102
1746661676.7335105,848,20,jumping,774.9058736445506,0.16980935072334757,-0.2939890409336696,9.241426669767167
1746661676.843573,848,19.980848454306503,jumping,776.9039584899813,-0.8061482374682045,1.7076433145648293,10.563313487404038
1746661676.9541266,849,20,jumping,778.9039584899813,-0.4177287006149557,-1.5351656770020066,9.098918386112373
1746661677.065233,851,20,jumping,780.9039584899813,0.30283858605571456,0.6046709569811366,8.962110042004962
1746661677.1735547,851,20,jumping,782.9039584899813,-1.1935290850059173,0.7295387381964931,9.143657330486885
1746661677.2846591,853,20,jumping,784.9039584899813,0.6480582202607987,-1.6838913591286486,10.197856395512192
1746661677.395927,853,20,jumping,786.9039584899813,1.2874528948856554,-1.7610052916911711,9.275388982528131
1746661677.5110185,854,20,jumping,788.9039584899813,-1.1874054899653919,1.8460303920581858,9.656629095781826
1746661677.61621,855,19.78400735376185,jumping,790.8823592253575,-1.280813462249752,-0.21822110248042392,10.30870862645224
1746661677.7248316,857,19.399330916857764,jumping,792.8222923170433,-1.9686880612094808,1.6913518019377758,10.715334299046921
1746661677.836178,858,20,jumping,794.8222923170433,-0.74320839585975,1.1542920736590214,9.516656361048948
1746661677.9458094,859,20,jumping,796.8222923170433,1.1541142888563911,0.11968112389256147,10.47468647586898
1746661678.0562227,861,20,jumping,798.8222923170433,-0.6593573569007454,1.9064142182135764,10.593135338201993
1746661678.1673713,862,20,jumping,800.8222923170433,1.0256771825050937,1.7476279678127784,10.204190243036074
1746661678.2774196,862,20,jumping,802.8222923170433,-1.373403938036926,-0.7614871158169869,9.561897391604825
1746661678.386906,864,20,jumping,804.8222923170433,-1.5701519042476462,-1.2258400551519326,15.020894346062905
1746661678.496298,865,20,jumping,806.8222923170433,0.37012590543012536,1.7009676129101856,10.61268268918459
1746661678.606097,865,20,jumping,808.8222923170433,-1.2510464561750734,1.6055422028494588,9.525458023961068
1746661678.7195897,865,20,jumping,810.8222923170433,1.441876562767133,-0.4364802022175862,19.949778310196102
1746661678.823717,867,20,jumping,812.8222923170433,-1.451106340018868,-0.4669460541311903,10.725533415927151
1746661678.9340563,869,20,jumping,814.8222923170433,1.3214062147838406,-1.5768208931246606,9.316493278823065
1746661679.041821,869,19.57575339402415,jumping,816.7798676564457,0.7575243767188087,0.055608226303691666,8.941115818709278
1746661679.15417,871,20,jumping,818.7798676564457,-0.5044981349804138,-1.2794814405359194,9.246752087820742
1746661679.2653005,873,20,jumping,820.7798676564457,-1.3459225304375924,-0.2436042688619855,10.747398891447842
1746661679.3768215,875,20,jumping,822.7798676564457,0.05945600371223847,0.2542060898732337,9.5442149886866
1746661679.4864616,877,20,jumping,824.7798676564457,-1.67791668307106,-1.307647493659291,15.174111874760037
1746661679.5940661,879,20,jumping,826.7798676564457,1.3051254911709909,-1.54124048120023,9.678731037440519
1746661679.7048955,879,19.933544154849773,jumping,828.7732220719307,-0.9132492151625713,-0.3128185114907178,10.308750787375377
1746661679.813899,881,20,jumping,830.7732220719307,1.4881467569882667,0.42345769954541446,9.16137016591421
1746661679.922843,882,19.552088859613278,jumping,832.7284309578921,-0.520733209077568,-1.4671222571814861,8.934906686808212
1746661680.0320578,884,20,jumping,834.7284309578921,-0.9905078953053001,1.5071734442536258,9.514823898937184
1746661680.1427398,884,19.62451507357168,jumping,836.6908824652493,1.9912408928543517,1.2595117673838931,9.051634639227569
1746661680.2544732,884,19.65447353405537,jumping,838.6563298186549,0.22467657674522412,-1.2117953953056086,9.984282684191054
1746661680.3639944,886,20,jumping,840.6563298186549,0.5945926126036833,-1.8097312801404577,9.088421274646148
1746661680.4732683,887,20,jumping,842.6563298186549,0.5055937365554746,-1.014800103034625,9.814915739929667
1746661680.5832794,888,20,jumping,844.6563298186549,0.5135651558437404,1.225170971264482,9.396142244816005
1746661680.6937308,890,20,jumping,846.6563298186549,-1.2576107356911432,1.9408185454043734,8.881396357758682
1746661680.8038146,892,20,jumping,848.6563298186549,1.1454607422052776,0.27915441014464015,10.02574249552616
1746661680.9140558,894,20,walking,850.6563298186549,-0.19136670873319978,0.40140004931029244,8.645158948882884
1746661681.0244024,895,20,walking,852.6563298186549,0.20958970257489995,0.6891943871439812,10.183232853200925
1746661681.1348333,897,19.90630772942435,walking,854.6469605915972,0.3269837601451988,0.47341979728497474,10.858530520124233
1746661681.2464948,899,20,walking,856.6469605915972,0.4561724324281809,0.1862022126806202,10.061988727362678
1746661681.3575814,900,20,walking,858.6469605915972,0.5270666488961555,-0.5034635508865053,8.779797933267606
1746661681.4686954,902,20,walking,860.6469605915972,0.05610389279641437,-0.34475590223789493,9.176814280338101
1746661681.5780516,903,20,walking,862.6469605915972,-0.05541912054416087,-0.30142138559786164,10.42572044409537
1746661681.6856534,905,19.933973014773,walking,864.6403578930746,-0.6086034432320667,-0.014363421567959389,10.702236861715978
1746661681.7993655,907,20,walking,866.6403578930746,-0.6224625544326333,-0.02527277172703976,9.03308286949521
1746661681.906399,909,19.965088137767193,walking,868.6368667068513,-0.19687292726659505,0.5783047496768144,8.940467113534853
1746661682.0156364,911,20,walking,870.6368667068513,0.1435934933739555,0.6543167625539295,10.288798295133661
1746661682.1253235,912,20,walking,872.6368667068513,0.3108353616971093,0.44523268823856177,10.526827537028357
1746661682.2345836,913,19.824634998372606,walking,874.6193302066886,0.4288621367970077,-0.08869978822624217,9.732393639294557
1746661682.3453403,914,20,walking,876.6193302066886,0.2720980611417687,-0.09695432818339916,8.713160089781363
1746661682.4557269,915,20,walking,878.6193302066886,0.04250891984168331,-0.6235720480515262,9.480087483480025
1746661682.5680242,917,20,walking,880.6193302066886,-0.14745533895662052,-0.3368913933332063,10.45564254324771
1746661682.6768646,918,20,walking,882.6193302066886,-0.3470025304341617,-0.3934927057343224,10.381159179801017
1746661682.7850864,920,19.836501143458285,walking,884.6029803210344,-0.4674780803726878,0.0755210797260368,9.320355163039848
1746661682.8938565,922,19.973244004603234,walking,886.6003047214947,-0.45688461250448137,0.5481521992582326,8.715054335916887
1746661683.005322,924,20,walking,888.6003047214947,-0.11723317441861356,0.4486099825129935,9.806200846710725
1746661683.1166086,925,20,walking,890.6003047214947,0.3866048684568916,0.20978022270838645,10.549893807348502
1746661683.2271826,927,19.85229054451981,walking,892.5855337759467,0.3413701174292916,0.050450060677861286,9.970190228447068
1746661683.3371944,928,19.8277641422466,walking,894.5683101901714,0.3809138433218235,-0.14702978613797163,8.934556465808427
1746661683.4489355,930,19.794565549460007,walking,896.5477667451173,0.2692739209866065,-0.604726779283548,9.134264092710678
1746661683.558075,932,19.817519268572987,walking,898.5295186719746,-0.3488048136483637,-0.6498678460702266,10.60968755403159
1746661683.6677241,933,20,walking,900.5295186719746,-0.4983374950757635,-0.3511635569501639,10.511644789443658
1746661683.7781365,935,20,walking,902.5295186719746,-0.4139768578170301,0.15736288020418254,9.461055260100869
1746661683.8891313,936,19.963797679700768,walking,904.5258984399447,-0.20902615327140567,0.3690785169422233,8.92704121638301
1746661683.9987872,938,19.943229418503492,walking,906.5202213817951,0.1825984616973808,0.5886192300720677,9.867504020879787
1746661684.110921,940,19.97822022067243,walking,908.5180434038623,0.46578206272141837,0.30064074392747886,11.001457387942054
1746661684.219557,942,19.924818567617415,walking,910.510525260624,0.46947111071471825,0.16635919545926606,10.038827806962168
1746661684.3286183,944,20,walking,912.510525260624,0.2486483473946785,-0.10343202998397802,9.162724656519236
1746661684.4398854,946,19.895613223269617,walking,914.500086582951,0.06562827915814912,-0.3005009189986509,9.180901363783025
1746661684.5503087,948,20,walking,916.500086582951,-0.031217325860752404,-0.4738997159215341,10.313394640579142
1746661684.661095,950,19.935991833042387,walking,918.4936857662552,-0.5407996326050204,-0.4293757627517559,10.426026656693338
1746661684.7701054,951,19.854328894466942,walking,920.4791186557019,-0.45733528720756245,0.06795113221112412,9.75786042750914
1746661684.8811188,952,19.71160138839681,walking,922.4502787945415,-0.3392525518015838,0.4474444860492482,8.875207817225192
1746661684.9921296,954,20,walking,924.4502787945415,-0.06356208463949833,0.31666458132016573,9.889798745228836
1746661685.1021438,956,20,walking,926.4502787945415,0.20258641173788744,0.27487755664490077,10.655198906428968
1746661685.2130597,957,20,walking,928.4502787945415,0.6232162980823233,0.2969121011293926,10.408351447066277
1746661685.323169,958,20,walking,930.4502787945415,0.4329631466933723,-0.2844251682748541,9.12787108219426
1746661685.4304855,959,20,walking,932.4502787945415,0.24244104352602186,-0.4984393006622268,8.76319928442803
1746661685.5420587,960,20,walking,934.4502787945415,-0.0633079156855274,-0.666861300329801,10.072806696171412
1746661685.6512036,962,20,walking,936.4502787945415,-0.6065705263970786,-0.11572950286562711,10.478882681357595
1746661685.762218,964,19.865200853979303,walking,938.4367988799395,-0.4612895951306523,0.0938854952371985,9.460556910121873
1746661685.8732285,965,19.880348016702758,walking,940.4248336816098,-0.4100843128706323,0.21472592569431503,8.54185153152345
1746661685.9832442,967,20,walking,942.4248336816098,0.018797772543420743,0.31909529729170444,9.5092007019323
1746661686.0947561,969,20,walking,944.4248336816098,0.3483880455253155,0.6002889628858588,10.569084462111844
1746661686.2027853,971,19.905305340752456,walking,946.415364215685,0.35835652921234556,0.1723826822425292,10.223790824149946
1746661686.3142784,973,20,walking,948.415364215685,0.636197384967012,-0.31018581937017303,9.221548674654178
1746661686.4248025,975,20,walking,950.415364215685,0.32777237901083855,-0.2588473709471852,8.721381015395202
1746661686.5360646,977,20,walking,952.415364215685,-0.02919861469402929,-0.662686937520548,9.97762508812828
1746661686.6457927,979,20,walking,954.415364215685,-0.43393034504544303,-0.37377531482174486,10.816583443428536
1746661686.7551708,980,20,walking,956.415364215685,-0.6337683986599711,-0.13002532692558622,9.834808971307664
1746661686.8663423,981,20,walking,958.415364215685,-0.44751958845112294,0.5252472290057255,8.993269365998083
1746661686.9773529,982,20,walking,960.415364215685,0.038765393211542126,0.37282260778778475,9.593221693506072
1746661687.0881495,983,20,walking,962.415364215685,0.31977281801586976,0.44465954535014357,10.863074189843976
1746661687.199378,985,19.947590347401444,walking,964.4101232504252,0.3638041346978772,0.3025856794859101,10.445093552432294
1746661687.3097847,986,20,walking,966.4101232504252,0.6442805286933351,-0.2186032691790956,8.85506223650345
1746661687.4194038,987,19.976733639438592,walking,968.407796614369,0.16673375216244773,-0.41307622256438925,8.92055340733092
1746661687.5297856,988,19.973906989963456,walking,970.4051873133653,-0.137017354398355,-0.3656311411730652,10.270262259507884
1746661687.63929,990,19.78498572963333,walking,972.3836858863286,-0.3781871053977117,-0.24136354198508808,11.02934939589012
1746661687.748789,991,20,walking,974.3836858863286,-0.6148914339929034,0.027210705532013352,9.56768959373941
1746661687.8624516,993,20,walking,976.3836858863286,-0.5197244584950049,0.14492928641255745,8.546971360668813
1746661687.9684627,994,20,walking,978.3836858863286,-0.052812583753553036,0.3667876397698418,9.176690487490756
1746661688.0792384,995,20,walking,980.3836858863286,0.08628602490523041,0.5786684432646714,10.734570848183004
1746661688.1880019,996,20,walking,982.3836858863286,0.3656188302609033,0.2998708264784847,10.518253752766935
1746661688.299337,998,19.86233841274033,walking,984.3699197276027,0.43457069229759826,-0.15612154168593217,9.210778432302714
1746661688.411339,999,20,walking,986.3699197276027,0.07343876454243656,-0.40264882926663825,8.759467164879865
1746661688.5215247,1000,20,walking,988.3699197276027,-0.03673414870594344,-0.5580909210716275,10.371638687981148
1746661688.632537,1002,19.981882355611596,walking,990.3681079631639,-0.29744664516862573,-0.20714761050879377,11.084042816218316
1746661688.7445514,1004,19.8194062188677,walking,992.3500485850507,-0.3677247413876458,-0.07387116961234924,9.726213928939483
1746661688.8604603,1006,20,walking,994.3500485850507,-0.5834700009777778,0.41761947474240885,8.865502263695975
1746661688.9659474,1008,20,walking,996.3500485850507,0.07280347873845588,0.5479209619301093,9.514802815963753
1746661689.0750244,1010,20,walking,998.3500485850507,0.25656832516948247,0.6057382204633597,10.731559004356928
1746661689.1847894,1012,20,walking,1000.3500485850507,0.6439626940690698,0.3315901002395096,10.532874694540647
1746661689.2945304,1013,19.918297811826953,walking,1002.3418783662333,0.3954493965071541,-0.1314282794004415,9.429513756118382
1746661689.4046268,1014,19.804956692262355,walking,1004.3223740354596,0.3923643952450638,-0.5355930859134863,8.633893163825281
1746661689.5156353,1015,19.649861853879994,walking,1006.2873602208475,0.04887179276292934,-0.41344863452144526,9.987689766468929
1746661689.6256163,1016,19.846082978916844,walking,1008.2719685187392,-0.5353285158571208,-0.3007239135875249,11.00298832762464
1746661689.7376604,1018,20,walking,1010.2719685187392,-0.6388134796017978,-0.21922919757136639,10.185137471478487
1746661689.8496795,1019,19.92510238391073,walking,1012.2644787571303,-0.42285815599444176,0.375996917540768,8.849919048417272
1746661689.960685,1021,19.76815125319918,walking,1014.2412938824502,-0.16673512855572342,0.5773854675380843,9.052946302370568
1746661690.0716991,1022,19.599329850712763,walking,1016.2012268675215,0.3188935410367384,0.4141249489457039,10.860908582330804
1746661690.1817098,1024,19.865369210253636,walking,1018.1877637885469,0.4135511310900158,0.07723864963572002,10.811172785988566
1746661690.2914395,1026,19.826247708699814,walking,1020.1703885594169,0.6494948004325716,-0.1948570359452248,9.298206916150642
1746661690.4011497,1027,20,walking,1022.1703885594169,0.20066665337339973,-0.5683259055192509,8.696896489780197
1746661690.5125756,1028,19.940994404234306,walking,1024.1644879998403,-0.16310130887920932,-0.377201800589801,9.767939964408004
1746661690.6236212,1030,19.766162612348054,walking,1026.141104261075,-0.39984168679694265,-0.40705571210271313,10.816568555308919
1746661690.7357857,1031,19.74420172583062,walking,1028.115524433658,-0.6103314044669831,-0.14195152372581693,10.124157830332614
