Timestamp,Steps,Speed,Activity,Displacement
1746661335.0385494,0,0.04085317766213617,standing,0.0040853177662136175
1746661335.1468265,0,0.07922015532084786,standing,0.012007333298298405
1746661335.28911,0,0.1485073992630566,standing,0.026858073224604064
1746661335.3979268,0,0.1501060803899527,standing,0.041868681263599335
1746661335.5074327,0,0.15863097948767477,standing,0.057731779212366816
1746661335.6174922,0,0.10448079703559238,standing,0.06817985891592605
1746661335.7275102,0,0.1239037236225736,standing,0.08057023127818341
1746661335.8387113,0,0.16050852713971636,standing,0.09662108399215505
1746661335.9487624,0,0.11522653435476585,standing,0.10814373742763164
1746661336.058271,0,0.11861055189648323,standing,0.12000479261727996
1746661336.168594,0,0.15153839613625716,standing,0.13515863223090568
1746661336.280329,0,0.17760889058744878,standing,0.15291952128965056
1746661336.387064,0,0.17509763844777762,standing,0.17042928513442832
1746661336.4967513,0,0.2690574611536649,standing,0.19733503124979482
1746661336.6079628,0,0.2358127160129208,standing,0.2209163028510869
1746661336.7197328,0,0.28218386586237565,standing,0.24913468943732447
1746661336.8266633,0,0.27378759849970136,standing,0.2765134492872946
1746661336.9380713,0,0.19744689913151253,standing,0.29625813920044586
1746661337.0495312,0,0.231634704739792,standing,0.31942160967442507
1746661337.1613853,0,0.23205731172695443,standing,0.3426273408471205
1746661337.269379,0,0.14436608751423186,standing,0.35706394959854365
1746661337.379737,0,0.13979705766310965,standing,0.3710436553648546
1746661337.4871829,0,0.04174292540740722,standing,0.3752179479055953
1746661337.5955539,0,0.09367124370381043,standing,0.3845850722759764
1746661337.7057073,0,0.07599775832449364,standing,0.39218484810842574
1746661337.8166566,0,0,standing,0.39218484810842574
1746661337.9266984,0,0,standing,0.39218484810842574
1746661338.0388756,0,0,standing,0.39218484810842574
1746661338.1469424,0,0.004812378288851324,standing,0.3926660859373109
1746661338.2570822,0,0.04155049627462094,standing,0.396821135564773
1746661338.3657885,0,0,standing,0.396821135564773
1746661338.4776447,0,0.02186129210670884,standing,0.3990072647754439
1746661338.5848696,0,0.10964521476772879,standing,0.4099717862522168
1746661338.6965487,0,0.16466907493828292,standing,0.4264386937460451
1746661338.8066235,0,0.2493584210969614,standing,0.4513745358557412
1746661338.9153008,0,0.2846998008014747,standing,0.47984451593588867
1746661339.0246098,0,0.35537248313742464,standing,0.5153817642496311
1746661339.134694,0,0.2850853008610008,standing,0.5438902943357312
1746661339.2426558,0,0.2428947557321447,standing,0.5681797699089457
1746661339.352899,0,0.27602682639799525,standing,0.5957824525487452
1746661339.461168,0,0.341824316535407,standing,0.6299648842022859
1746661339.5733402,0,0.37031462975959134,standing,0.6669963471782451
1746661339.6831057,0,0.43451213053080906,standing,0.7104475602313259
1746661339.7945044,0,0.4973412235840847,standing,0.7601816825897344
1746661339.9043338,0,0.40860244126719325,standing,0.8010419267164537
1746661340.013575,0,0.41201996270474683,standing,0.8422439229869284
1746661340.1229205,0,0.3853140905666146,standing,0.8807753320435898
1746661340.232587,0,0.3839459730007016,standing,0.9191699293436599
1746661340.343192,0,0.4813717314425121,standing,0.9673071024879112
1746661340.4539368,0,0.5080204377530291,standing,1.0181091462632141
1746661340.565498,0,0.5744154514765826,standing,1.0755506914108723
1746661340.6771924,0,0.637465299929942,standing,1.1392972214038666
1746661340.7877982,0,0.6599597056534539,standing,1.205293191969212
1746661340.8981857,0,0.7410037568287497,standing,1.279393567652087
1746661341.0078115,0,0.6431720082177813,standing,1.343710768473865
1746661341.1179502,0,0.6335547923705207,standing,1.407066247710917
1746661341.2291005,0,0.5404919132225148,standing,1.4611154390331684
1746661341.3374817,0,0.5782903469318044,standing,1.5189444737263489
1746661341.4457743,0,0.6200140022925987,standing,1.5809458739556088
1746661341.5599165,0,0.6156528705231405,standing,1.6425111610079228
1746661341.6689782,0,0.5620411092850137,standing,1.6987152719364242
1746661341.7801814,0,0.643958725522986,standing,1.7631111444887229
1746661341.8918743,0,0.6508693470437938,standing,1.8281980791931023
1746661342.0047252,0,0.638406778039592,standing,1.8920387569970616
1746661342.1118422,0,0.7350239191296996,standing,1.9655411489100316
1746661342.222152,0,0.8234462204535421,standing,2.0478857709553857
1746661342.3334928,0,0.8387457625687792,standing,2.1317603472122637
1746661342.4455447,0,0.8811119302537933,standing,2.219871540237643
1746661342.5528257,0,0.7897822939679284,standing,2.298849769634436
1746661342.662164,0,0.775385403323506,standing,2.3763883099667864
1746661342.771989,0,0.805793007342751,standing,2.4569676107010614
1746661342.8840382,0,0.7637683623004877,standing,2.5333444469311104
1746661342.9949408,0,0.8322761669152037,standing,2.616572063622631
1746661343.105301,0,0.8891074652331192,standing,2.7054828101459427
1746661343.2138731,0,0.8637128631983393,standing,2.7918540964657765
1746661343.326881,0,0.905245060911235,standing,2.8823786025569
1746661343.4351268,0,0.8292291669160512,standing,2.9653015192485053
1746661343.5452013,0,0.875348546632372,standing,3.0528363739117426
1746661343.657324,0,0.779646049930407,standing,3.1308009789047833
1746661343.7668777,0,0.693014790818911,standing,3.2001024579866746
1746661343.8760588,0,0.7925728172886026,standing,3.279359739715535
1746661343.9872134,0,0.7629914399515216,standing,3.3556588837106873
1746661344.0966063,0,0.6641205299799493,standing,3.4220709367086823
1746661344.2058299,0,0.7412268553807659,standing,3.496193622246759
1746661344.3160574,0,0.7033174683508957,standing,3.5665253690818486
1746661344.428492,0,0.6304102149054048,standing,3.629566390572389
1746661344.5401268,0,0.6816195541897053,standing,3.6977283459913597
1746661344.6513956,0,0.7088442831550554,standing,3.7686127743068654
1746661344.7602012,0,0.6222186942912667,standing,3.830834643735992
1746661344.871287,0,0.6090244115702407,standing,3.891737084893016
1746661344.9812217,0,0.67291880295154,standing,3.9590289651881703
1746661345.089817,0,0.7653848319799885,standing,4.035567448386169
1746661345.1998322,0,0.6764064814554511,standing,4.103208096531715
1746661345.310669,0,0.651549546123541,standing,4.168363051144069
1746661345.4210136,0,0.5675626876331618,standing,4.225119319907385
1746661345.532633,0,0.6389966814033275,standing,4.289018988047718
1746661345.6419225,0,0.6546577760412239,standing,4.35448476565184
1746661345.752246,0,0.6386485041318543,standing,4.418349616065026
1746661345.8643477,0,0.5421010470975166,standing,4.472559720774777
1746661345.9765995,4,1.0577956300959155,running,4.578339283784369
1746661346.0838265,6,2.029691447863959,running,4.781308428570765
1746661346.1943786,9,2.5695629429996565,running,5.03826472287073
1746661346.3038108,12,3.484372240114304,running,5.386701946882161
1746661346.4129643,16,3.222784666456685,running,5.708980413527829
1746661346.5229745,20,3.6256610003428396,running,6.071546513562113
1746661346.6326973,22,3.876417208278876,running,6.459188234390001
1746661346.7427807,26,4.478691211419536,running,6.907057355531954
1746661346.852745,30,4.969588467785267,running,7.404016202310481
1746661346.9613132,32,5.907822270358084,running,7.9947984293462895
1746661347.070842,35,6.212445760207928,running,8.616043005367082
1746661347.1791286,38,6.892961607960983,running,9.305339166163181
1746661347.285658,42,7.16589586219527,running,10.021928752382708
1746661347.3949358,45,7.625271921238547,running,10.784455944506563
1746661347.5062346,48,8.438302798491502,running,11.628286224355714
1746661347.6144185,51,9.386855725187425,running,12.566971796874457
1746661347.7244494,55,9.59786870307497,running,13.526758667181953
1746661347.8341143,58,10.437845125139402,running,14.570543179695893
1746661347.945169,61,10.467211332214365,running,15.61726431291733
1746661348.0564532,65,10.442283806127113,running,16.66149269353004
1746661348.1673386,67,11.177501835819259,running,17.779242877111965
1746661348.2732697,70,11.609039515641879,running,18.940146828676152
1746661348.3831823,72,12.174395027531538,running,20.157586331429307
1746661348.4921842,74,12.674364407460954,running,21.425022772175403
1746661348.6042752,77,12.980149815117207,running,22.723037753687123
1746661348.7126186,80,12.917170484405059,running,24.01475480212763
1746661348.8225973,83,13.144852214593845,running,25.329240023587015
1746661348.9326193,85,13.91958497262012,running,26.72119852084903
1746661349.0446215,87,13.840972356788278,running,28.105295756527855
1746661349.152136,91,14.006533902990359,running,29.505949146826893
1746661349.2626047,95,14.100246504348409,running,30.915973797261735
1746661349.3733385,99,14.273801818488334,running,32.34335397911057
1746661349.4874182,101,14.154834271701278,running,33.7588374062807
1746661349.5937364,104,13.942229215222492,running,35.15306032780295
1746661349.7031834,107,13.9058234493194,running,36.54364267273489
1746661349.8139975,109,14.262492256401845,running,37.969891898375074
1746661349.927024,111,14.085364124332942,running,39.37842831080837
1746661350.0335705,113,13.928929760882497,running,40.771321286896615
1746661350.1427104,117,14.648160586324657,running,42.23613734552908
1746661350.2532394,121,14.558446601360332,running,43.69198200566511
1746661350.36664,123,14.966140503431355,running,45.188596056008244
1746661350.476266,126,15.345402347096055,running,46.72313629071785
1746661350.5867586,129,16.212922477042007,running,48.34442853842205
1746661350.6951308,133,17.15561559985704,running,50.05999009840775
1746661350.8059602,137,17.54406071961243,running,51.814396170368994
1746661350.911809,139,18.18632032466723,running,53.63302820283572
1746661351.0209062,142,18.975839842660648,running,55.53061218710178
1746661351.1290555,146,19.117317640118998,running,57.44234395111368
1746661351.2401543,148,19.275539996525108,running,59.36989795076619
1746661351.3490286,151,19.03401550122599,running,61.27329950088879
1746661351.4583607,152,18.731547575638782,jumping,63.14645425845267
1746661351.567371,153,19.302606246959954,jumping,65.07671488314867
1746661351.678198,154,19.835666556324366,jumping,67.0602815387811
1746661351.7863936,155,19.999598941324994,jumping,69.0602414329136
1746661351.8965728,157,19.833647025703257,jumping,71.04360613548393
1746661352.0070262,159,20,jumping,73.04360613548393
1746661352.1194282,161,20,jumping,75.04360613548393
1746661352.2290106,161,20,jumping,77.04360613548393
1746661352.3404498,163,20,jumping,79.04360613548393
1746661352.450574,163,20,jumping,81.04360613548393
1746661352.5644717,163,19.963170414973398,jumping,83.03992317698126
1746661352.6734827,163,20,jumping,85.03992317698126
1746661352.7839038,163,20,jumping,87.03992317698126
1746661352.8950186,163,19.876779014308344,jumping,89.02760107841209
1746661353.0060303,164,19.872404912523745,jumping,91.01484156966447
1746661353.113531,165,20,jumping,93.01484156966447
1746661353.2245564,166,20,jumping,95.01484156966447
1746661353.3356183,166,20,jumping,97.01484156966447
1746661353.44529,167,20,jumping,99.01484156966447
1746661353.5551379,167,20,jumping,101.01484156966447
1746661353.662512,168,20,jumping,103.01484156966447
1746661353.7738962,170,19.552226478510555,jumping,104.97006421751553
1746661353.8855245,171,19.47347626005253,jumping,106.91741184352078
1746661353.9936259,173,20,jumping,108.91741184352078
1746661354.1019971,174,20,jumping,110.91741184352078
1746661354.2097483,174,19.930598305840345,jumping,112.91047167410481
1746661354.3189774,174,20,jumping,114.91047167410481
1746661354.427987,176,20,jumping,116.91047167410481
1746661354.5397978,176,20,jumping,118.91047167410481
1746661354.6487057,177,20,jumping,120.91047167410481
1746661354.7598958,179,20,jumping,122.91047167410481
1746661354.8673816,179,20,jumping,124.91047167410481
1746661354.9754765,179,20,jumping,126.91047167410481
1746661355.0852401,180,20,jumping,128.91047167410483
1746661355.1956449,180,20,jumping,130.91047167410483
1746661355.3039236,181,20,jumping,132.91047167410483
1746661355.4129755,181,20,jumping,134.91047167410483
1746661355.5241458,183,20,jumping,136.91047167410483
1746661355.6340535,185,20,jumping,138.91047167410483
1746661355.7432585,185,20,jumping,140.91047167410483
1746661355.8531296,185,20,jumping,142.91047167410483
1746661355.9642606,187,19.58948422611408,jumping,144.86942009671623
1746661356.0741544,188,19.43348544819993,jumping,146.81276864153622
1746661356.1835382,189,20,jumping,148.81276864153622
1746661356.2936425,190,20,jumping,150.81276864153622
1746661356.4024918,190,20,jumping,152.81276864153622
1746661356.5115893,190,19.992090244013326,jumping,154.81197766593755
1746661356.621896,191,20,jumping,156.81197766593755
1746661356.7312694,191,20,jumping,158.81197766593755
1746661356.8423462,193,20,jumping,160.81197766593755
1746661356.9524353,193,20,jumping,162.81197766593755
1746661357.0620434,193,20,jumping,164.81197766593755
1746661357.17373,194,20,jumping,166.81197766593755
1746661357.2829366,194,19.693491280051735,jumping,168.78132679394272
1746661357.395845,196,19.296939099051954,jumping,170.7110207038479
1746661357.5047598,198,20,jumping,172.7110207038479
1746661357.6133835,199,20,jumping,174.7110207038479
1746661357.7239969,199,20,jumping,176.7110207038479
1746661357.8360054,201,20,jumping,178.7110207038479
1746661357.9436462,203,20,jumping,180.7110207038479
1746661358.0541017,203,19.618596002529458,jumping,182.67288030410086
1746661358.1628168,205,19.492779357026862,jumping,184.62215823980355
1746661358.2757301,205,19.820825713238413,jumping,186.6042408111274
1746661358.3835104,207,20,jumping,188.6042408111274
1746661358.4957356,208,20,jumping,190.6042408111274
1746661358.6078584,209,20,jumping,192.6042408111274
1746661358.7181964,209,19.522608032060205,jumping,194.55650161433343
1746661358.8275766,209,19.575494192404523,jumping,196.51405103357388
1746661358.936618,211,19.875835217003587,jumping,198.50163455527425
1746661359.0469453,211,19.538665752144556,jumping,200.4555011304887
1746661359.1526482,213,19.29006100879535,jumping,202.38450723136825
1746661359.2624407,215,20,jumping,204.38450723136825
1746661359.3727424,217,20,jumping,206.38450723136825
1746661359.4832337,218,19.539083181590847,jumping,208.33841554952733
1746661359.593979,219,19.778477474823067,jumping,210.31626329700964
1746661359.7020104,221,20,jumping,212.31626329700964
1746661359.8132017,222,19.938286143988783,jumping,214.3100919114085
1746661359.925055,224,20,jumping,216.3100919114085
1746661360.0362236,225,19.70010784644557,jumping,218.28010269605306
1746661360.1452353,226,19.379976746040214,jumping,220.21810037065708
1746661360.2552452,226,19.24786772616302,jumping,222.14288714327338
1746661360.364273,227,19.523769560199234,jumping,224.0952640992933
1746661360.4742684,227,20,jumping,226.0952640992933
1746661360.5842793,228,19.89696032413735,jumping,228.08496013170705
1746661360.6939979,229,19.716657218535953,jumping,230.05662585356063
1746661360.8048024,230,20,jumping,232.05662585356063
1746661360.9108276,231,19.520446210713285,jumping,234.00867047463197
1746661361.0218253,231,19.91729606383057,jumping,236.00040008101502
1746661361.1324894,231,20,jumping,238.00040008101502
1746661361.2423995,231,20,jumping,240.00040008101502
1746661361.3487532,233,20,jumping,242.00040008101502
1746661361.4556065,234,20,jumping,244.00040008101502
1746661361.5655115,234,20,jumping,246.00040008101502
1746661361.6774156,234,20,jumping,248.00040008101502
1746661361.7847145,235,19.92169610511003,jumping,249.99256969152603
1746661361.8947,235,20,jumping,251.99256969152603
1746661362.003201,236,20,jumping,253.99256969152603
1746661362.1156464,236,20,jumping,255.99256969152603
1746661362.2234802,236,20,jumping,257.992569691526
1746661362.3320417,236,20,jumping,259.992569691526
1746661362.4411433,238,19.97275141748102,walking,261.9898448332741
1746661362.5516975,239,20,walking,263.9898448332741
1746661362.661826,240,19.867020563195048,walking,265.97654688959364
1746661362.7707372,242,20,walking,267.97654688959364
1746661362.880197,244,20,walking,269.97654688959364
1746661362.9910455,245,20,walking,271.97654688959364
1746661363.1020489,246,19.94415678521684,walking,273.97096256811534
1746661363.2115438,247,20,walking,275.97096256811534
1746661363.3212945,249,20,walking,277.97096256811534
1746661363.4314432,250,20,walking,279.97096256811534
1746661363.540365,252,20,walking,281.97096256811534
1746661363.649346,254,19.85094889071518,walking,283.95605745718683
1746661363.7613714,255,19.931435823829975,walking,285.9492010395698
1746661363.8733454,256,20,walking,287.9492010395698
1746661363.9845078,258,20,walking,289.9492010395698
1746661364.0941997,259,19.997446294273747,walking,291.94894566899717
1746661364.2022254,261,19.99084040324468,walking,293.94802970932164
1746661364.3122306,263,19.945913194281477,walking,295.9426210287498
1746661364.4214876,264,20,walking,297.9426210287498
1746661364.531434,265,20,walking,299.9426210287498
1746661364.641824,267,20,walking,301.9426210287498
1746661364.7536922,268,19.84400784668544,walking,303.9270218134183
1746661364.86323,269,20,walking,305.9270218134183
1746661364.9732184,271,20,walking,307.9270218134183
1746661365.0829387,272,19.93184870633881,walking,309.9202066840522
1746661365.192623,274,19.86450469992322,walking,311.9066571540445
1746661365.3010347,275,19.971783444347707,walking,313.9038354984793
1746661365.4107046,276,20,walking,315.9038354984793
1746661365.5209482,277,20,walking,317.9038354984793
1746661365.6328425,279,20,walking,319.9038354984793
1746661365.7405498,281,20,walking,321.9038354984793
1746661365.8497066,282,19.89977222251819,walking,323.8938127207311
1746661365.9572861,283,20,walking,325.8938127207311
1746661366.0671287,284,20,walking,327.8938127207311
1746661366.176318,286,20,walking,329.8938127207311
1746661366.287469,287,19.994896633955605,walking,331.8933023841266
1746661366.3955584,288,20,walking,333.8933023841266
1746661366.506384,289,19.902790511554667,walking,335.8835814352821
1746661366.6154504,290,19.765047592613087,walking,337.86008619454344
1746661366.7248387,292,20,walking,339.86008619454344
1746661366.8331275,293,20,walking,341.86008619454344
1746661366.9411395,294,20,walking,343.86008619454344
1746661367.049446,296,19.96580006750855,walking,345.8566662012943
1746661367.1579456,298,20,walking,347.8566662012943
1746661367.2673345,300,20,walking,349.8566662012943
1746661367.3774748,301,20,walking,351.8566662012943
1746661367.4877841,302,20,walking,353.8566662012943
1746661367.5944865,303,19.898421273253575,walking,355.8465083286196
1746661367.70375,305,19.78022402148317,walking,357.82453073076795
1746661367.8138494,307,19.848872543338427,walking,359.8094179851018
1746661367.9229598,307,20,jumping,361.8094179851018
1746661368.0346603,309,20,jumping,363.8094179851018
1746661368.1441514,310,20,jumping,365.8094179851018
1746661368.2539935,310,20,jumping,367.8094179851018
1746661368.3610518,311,20,jumping,369.8094179851018
1746661368.470323,313,19.51241278082817,jumping,371.7606592631846
1746661368.5804348,314,20,jumping,373.7606592631846
1746661368.691596,314,19.760369403051694,jumping,375.73669620348977
1746661368.79906,315,20,jumping,377.73669620348977
1746661368.9096189,316,20,jumping,379.73669620348977
1746661369.0198367,317,19.515626688681227,jumping,381.6882588723579
1746661369.1290169,317,20,jumping,383.6882588723579
1746661369.2397063,319,20,jumping,385.6882588723579
1746661369.3505306,321,20,jumping,387.6882588723579
1746661369.458674,322,20,jumping,389.6882588723579
1746661369.5685015,324,20,jumping,391.6882588723579
1746661369.676997,325,20,jumping,393.6882588723579
1746661369.7872767,327,20,jumping,395.6882588723579
1746661369.895809,329,19.904162849381823,jumping,397.6786751572961
1746661370.0026293,329,20,jumping,399.6786751572961
1746661370.1130009,331,20,jumping,401.6786751572961
1746661370.221038,331,20,jumping,403.6786751572961
1746661370.3287628,331,20,jumping,405.6786751572961
1746661370.4377794,331,20,jumping,407.6786751572961
1746661370.5478132,333,19.91002356546327,jumping,409.66967751384243
1746661370.6576047,333,20,jumping,411.66967751384243
1746661370.7667637,333,19.566876092269684,jumping,413.6263651230694
1746661370.877829,333,20,jumping,415.6263651230694
1746661370.9869676,334,20,jumping,417.6263651230694
1746661371.095491,334,20,jumping,419.6263651230694
1746661371.2048616,335,20,jumping,421.6263651230694
1746661371.3171134,336,19.758314571481954,jumping,423.6021965802176
1746661371.4243078,338,20,jumping,425.6021965802176
1746661371.5342197,340,20,jumping,427.6021965802176
1746661371.6418333,340,20,jumping,429.6021965802176
1746661371.753015,340,20,jumping,431.6021965802176
1746661371.8638387,341,20,jumping,433.6021965802176
1746661371.9739828,341,20,jumping,435.6021965802176
1746661372.0832214,341,20,jumping,437.6021965802176
1746661372.1939511,341,19.820183793493168,jumping,439.5842149595669
1746661372.3054974,342,20,jumping,441.5842149595669
1746661372.4158914,343,19.528945803679296,jumping,443.5371095399348
1746661372.523943,343,19.708909093647684,jumping,445.5080004492996
1746661372.6340168,344,19.403839996083434,jumping,447.4483844489079
1746661372.7430155,345,19.161511395239664,jumping,449.36453558843186
1746661372.8527346,345,19.736953301553257,jumping,451.3382309185872
1746661372.9618602,346,20,jumping,453.3382309185872
1746661373.0720525,346,19.530937357082873,jumping,455.2913246542955
1746661373.1807644,346,19.8286050461051,jumping,457.27418515890605
1746661373.2910466,347,20,jumping,459.27418515890605
1746661373.4010832,349,20,walking,461.27418515890605
1746661373.509084,351,19.827203412896424,walking,463.25690550019567
1746661373.6184938,353,19.92545955386024,walking,465.2494514555817
1746661373.7281034,355,20,walking,467.2494514555817
1746661373.8371003,357,20,walking,469.2494514555817
1746661373.9471796,359,20,walking,471.2494514555817
1746661374.0557196,360,19.89705420117607,walking,473.23915687569934
1746661374.1640465,362,19.888676209297177,walking,475.2280244966291
1746661374.2741697,364,20,walking,477.2280244966291
1746661374.3841805,366,20,walking,479.2280244966291
1746661374.4945564,367,20,walking,481.2280244966291
1746661374.6031919,368,20,walking,483.2280244966291
1746661374.7135646,369,19.805385018706172,walking,485.2085629984997
1746661374.8236325,370,20,walking,487.2085629984997
1746661374.9312558,372,20,walking,489.2085629984997
1746661375.041076,373,20,walking,491.2085629984997
1746661375.150009,374,20,walking,493.2085629984997
1746661375.2613506,376,19.811964649773756,walking,495.18975946347706
1746661375.3705268,377,20,walking,497.18975946347706
1746661375.4802926,379,20,walking,499.18975946347706
1746661375.590352,380,20,walking,501.18975946347706
1746661375.6993146,382,20,walking,503.18975946347706
1746661375.8096879,383,20,walking,505.18975946347706
1746661375.920337,385,20,walking,507.18975946347706
1746661376.0323477,387,20,walking,509.18975946347706
1746661376.1413567,388,20,walking,511.18975946347706
1746661376.2513583,390,20,walking,513.189759463477
1746661376.361164,392,19.812402569402263,walking,515.1709997204173
1746661376.4727874,393,20,walking,517.1709997204173
1746661376.5827248,394,20,walking,519.1709997204173
1746661376.6939955,396,20,walking,521.1709997204173
1746661376.802357,398,19.99580889117281,walking,523.1705806095346
1746661376.9115212,400,20,walking,525.1705806095346
1746661377.0214365,401,20,walking,527.1705806095346
1746661377.1304605,403,19.933694920782074,walking,529.1639501016127
1746661377.240457,404,20,walking,531.1639501016127
1746661377.3494782,405,20,walking,533.1639501016127
1746661377.4596105,406,19.949753451884703,walking,535.1589254468012
1746661377.5684712,408,20,walking,537.1589254468012
1746661377.6770844,409,20,walking,539.1589254468012
1746661377.7882123,410,20,walking,541.1589254468012
1746661377.8970783,411,20,walking,543.1589254468012
1746661378.0064821,413,19.81137373579026,walking,545.1400628203802
1746661378.1162689,415,19.90618289223211,walking,547.1306811096034
1746661378.2254238,416,19.88733994595711,walking,549.1194151041991
1746661378.336112,418,19.76899434461135,walking,551.0963145386603
1746661378.4439397,419,20,walking,553.0963145386603
1746661378.5528214,421,19.995476542001793,walking,555.0958621928605
1746661378.662507,422,19.795998982390785,walking,557.0754620910996
1746661378.7754078,423,19.965422632614448,walking,559.072004354361
1746661378.8804753,423,19.467866313667397,jumping,561.0187909857277
1746661378.9893463,424,19.774905322706175,jumping,562.9962815179983
1746661379.0996568,424,20,jumping,564.9962815179983
1746661379.209917,424,20,jumping,566.9962815179983
1746661379.3187506,426,20,jumping,568.9962815179983
1746661379.4289517,427,20,jumping,570.9962815179983
1746661379.539856,428,19.998820818625056,jumping,572.9961635998609
1746661379.6500149,429,20,jumping,574.9961635998609
1746661379.760161,430,20,jumping,576.9961635998609
1746661379.8711693,430,20,jumping,578.9961635998609
1746661379.9834263,430,19.749293761340358,jumping,580.9710929759949
1746661380.0941296,430,19.708262471178273,jumping,582.9419192231128
1746661380.20356,431,20,jumping,584.9419192231128
1746661380.3136947,431,20,jumping,586.9419192231128
1746661380.422442,432,20,jumping,588.9419192231128
1746661380.5354135,434,20,jumping,590.9419192231128
1746661380.6449306,436,20,jumping,592.9419192231128
1746661380.7554255,436,20,jumping,594.9419192231128
1746661380.86416,438,20,jumping,596.9419192231128
1746661380.973856,438,20,jumping,598.9419192231128
1746661381.083855,439,20,jumping,600.9419192231128
1746661381.1915758,439,19.909851502175226,jumping,602.9329043733303
1746661381.3006837,440,20,jumping,604.9329043733303
1746661381.4103265,441,20,jumping,606.9329043733303
1746661381.5206268,442,20,jumping,608.9329043733303
1746661381.6318083,443,20,jumping,610.9329043733303
1746661381.7430809,443,20,jumping,612.9329043733303
1746661381.8543603,445,20,jumping,614.9329043733303
1746661381.962539,445,20,jumping,616.9329043733303
1746661382.074445,446,20,jumping,618.9329043733303
1746661382.1829376,448,20,jumping,620.9329043733303
1746661382.2930899,448,19.551275292858918,jumping,622.8880319026161
1746661382.401953,448,20,jumping,624.8880319026161
1746661382.5128524,450,20,jumping,626.8880319026161
1746661382.622386,451,20,jumping,628.8880319026161
1746661382.7313235,451,20,jumping,630.8880319026161
1746661382.8413486,453,19.81699009218249,jumping,632.8697309118344
1746661382.9510312,453,20,jumping,634.8697309118344
1746661383.0620608,454,20,jumping,636.8697309118344
1746661383.1720653,456,20,jumping,638.8697309118344
1746661383.281086,458,20,jumping,640.8697309118344
1746661383.3927815,460,20,jumping,642.8697309118344
1746661383.5022798,461,20,jumping,644.8697309118344
1746661383.6114664,462,20,jumping,646.8697309118344
1746661383.721697,464,20,jumping,648.8697309118344
1746661383.8325293,464,19.92882192605816,jumping,650.8626131044402
1746661383.9440844,465,19.865676413782847,jumping,652.8491807458186
1746661384.053159,466,19.48882779943052,jumping,654.7980635257616
1746661384.1623476,468,19.09819639611934,jumping,656.7078831653735
1746661384.2725258,470,20,jumping,658.7078831653735
1746661384.38322,472,20,walking,660.7078831653735
1746661384.4907806,473,19.944224804047114,walking,662.7023056457782
1746661384.6021588,474,20,walking,664.7023056457782
1746661384.7110236,476,19.941596265410436,walking,666.6964652723193
1746661384.8215177,478,19.82132577122783,walking,668.6785978494421
1746661384.9322422,480,19.7795524422885,walking,670.6565530936709
1746661385.0422547,481,19.82410529376228,walking,672.6389636230472
1746661385.1519766,483,19.62449465756786,walking,674.601413088804
1746661385.2602262,484,19.866834784640737,walking,676.588096567268
1746661385.3692107,485,19.88446976080814,walking,678.5765435433489
1746661385.4773333,487,20,walking,680.5765435433489
1746661385.587717,489,20,walking,682.5765435433489
1746661385.696919,491,20,walking,684.5765435433489
1746661385.8048205,492,20,walking,686.5765435433489
1746661385.9149327,494,19.85526091424003,walking,688.5620696347729
1746661386.0242665,496,19.74534613182341,walking,690.5366042479552
1746661386.134091,498,19.77635289573993,walking,692.5142395375292
1746661386.2453625,500,20,walking,694.5142395375292
1746661386.3553867,502,19.8051059670892,walking,696.4947501342381
1746661386.4653206,503,20,walking,698.4947501342381
1746661386.5768223,504,19.858917889124466,walking,700.4806419231505
1746661386.6866384,506,19.806288703861114,walking,702.4612707935366
1746661386.7960033,508,20,walking,704.4612707935366
1746661386.9062324,509,19.87033268295716,walking,706.4483040618323
1746661387.015697,511,19.785223822085754,walking,708.4268264440409
1746661387.124464,512,19.922423653222467,walking,710.4190688093631
1746661387.2327125,513,20,walking,712.4190688093631
1746661387.342269,515,20,walking,714.4190688093631
1746661387.452612,516,20,walking,716.4190688093631
1746661387.5668054,518,20,walking,718.4190688093631
1746661387.6718667,520,19.808160443075312,walking,720.3998848536706
1746661387.7798748,521,19.851760438451862,walking,722.3850608975158
1746661387.889402,523,19.917505545294702,walking,724.3768114520453
1746661387.9975088,524,19.848712013397208,walking,726.3616826533851
1746661388.1086366,526,20,walking,728.3616826533851
1746661388.2197282,528,20,walking,730.3616826533851
1746661388.3292408,530,20,walking,732.3616826533851
1746661388.4415028,531,20,walking,734.3616826533851
1746661388.5491703,532,19.839760341434665,walking,736.3456586875285
1746661388.6603236,533,20,walking,738.3456586875285
1746661388.7697353,534,20,walking,740.3456586875285
1746661388.879531,536,20,walking,742.3456586875285
1746661388.9906523,538,19.985593414732328,walking,744.3442180290017
1746661389.100662,540,20,walking,746.3442180290017
1746661389.2099793,541,20,walking,748.3442180290017
1746661389.321499,542,20,walking,750.3442180290017
1746661389.430634,543,20,walking,752.3442180290017
1746661389.5401952,544,19.953757917833777,walking,754.3395938207851
1746661389.6480622,546,19.945441378349024,walking,756.33413795862
1746661389.7599452,548,20,walking,758.33413795862
1746661389.8700047,550,19.77872853649008,running,760.312010812269
1746661389.9803507,552,19.788764914152317,running,762.2908873036843
1746661390.0910692,554,19.916827706279978,running,764.2825700743123
1746661390.2038977,558,19.714853632729536,running,766.2540554375852
1746661390.3112442,562,19.676069109371426,running,768.2216623485223
1746661390.4220433,564,20,running,770.2216623485223
1746661390.5312822,567,20,running,772.2216623485223
1746661390.642335,571,19.94285491620716,running,774.215947840143
1746661390.7521298,573,19.831244527251396,running,776.1990722928682
1746661390.864051,576,19.839543344588282,running,778.1830266273271
1746661390.9728396,579,20,running,780.1830266273271
1746661391.0838878,583,20,running,782.1830266273271
1746661391.1928737,585,20,running,784.1830266273271
1746661391.3018177,589,20,running,786.1830266273271
1746661391.4110675,591,20,running,788.1830266273271
1746661391.5252268,593,20,running,790.1830266273271
1746661391.6338792,597,20,running,792.1830266273271
1746661391.7438002,599,19.78503030663778,running,794.1615296579909
1746661391.8522005,601,19.779338947548787,running,796.1394635527457
1746661391.9627297,604,19.96691899075835,running,798.1361554518215
1746661392.0678058,606,19.894284563293514,running,800.1255839081509
1746661392.1781757,608,19.975302278522147,running,802.1231141360031
1746661392.28768,612,20,running,804.1231141360031
1746661392.3980055,614,20,running,806.1231141360031
1746661392.5062745,616,20,running,808.1231141360031
1746661392.6167557,619,20,running,810.1231141360031
1746661392.7263756,622,20,running,812.1231141360031
1746661392.8375266,626,19.9181425485523,running,814.1149283908584
1746661392.9462774,629,20,running,816.1149283908584
1746661393.0550601,633,20,running,818.1149283908584
1746661393.1663065,637,20,running,820.1149283908584
1746661393.2790718,639,20,running,822.1149283908584
1746661393.3874278,643,20,running,824.1149283908584
1746661393.498534,646,20,running,826.1149283908584
1746661393.608309,649,20,running,828.1149283908584
1746661393.7186878,653,20,running,830.1149283908584
1746661393.8290215,656,20,running,832.1149283908584
1746661393.9405603,658,20,running,834.1149283908584
1746661394.0526233,660,20,running,836.1149283908584
1746661394.162315,664,20,running,838.1149283908584
1746661394.270899,668,20,running,840.1149283908584
1746661394.380633,672,20,running,842.1149283908584
1746661394.4900293,674,20,running,844.1149283908584
1746661394.6000586,676,20,running,846.1149283908584
1746661394.708384,678,19.800599390368983,running,848.0949883298953
1746661394.8174696,682,20,running,850.0949883298953
1746661394.9262998,686,20,running,852.0949883298953
1746661395.0382886,689,19.725181195294244,running,854.0675064494247
1746661395.1475153,692,20,running,856.0675064494247
1746661395.2569573,696,19.909917323391298,running,858.0584981817639
1746661395.367627,698,20,jumping,860.0584981817639
1746661395.479723,700,20,jumping,862.0584981817639
1746661395.5887067,702,19.580272395034967,jumping,864.0165254212674
1746661395.696761,702,19.865216737719248,jumping,866.0030470950393
1746661395.8052545,702,19.871761678318713,jumping,867.9902232628712
1746661395.9137988,703,20,jumping,869.9902232628712
1746661396.022189,705,20,jumping,871.9902232628712
1746661396.132257,705,20,jumping,873.9902232628712
1746661396.2428465,707,20,jumping,875.9902232628712
1746661396.3532825,709,20,jumping,877.9902232628712
1746661396.4636626,709,20,jumping,879.9902232628712
1746661396.5733542,711,20,jumping,881.9902232628712
1746661396.6843882,713,19.6063070129942,jumping,883.9508539641706
1746661396.796978,715,20,jumping,885.9508539641706
1746661396.9049368,715,20,jumping,887.9508539641706
1746661397.0134587,715,20,jumping,889.9508539641706
1746661397.1224947,716,19.6069621548877,jumping,891.9115501796593
1746661397.232492,718,19.898027120994293,jumping,893.9013528917587
1746661397.3405547,718,19.57524477863481,jumping,895.8588773696222
1746661397.4485073,720,19.249402589246028,jumping,897.7838176285468
1746661397.5574327,720,20,jumping,899.7838176285468
1746661397.667552,721,19.82887224053031,jumping,901.7667048525998
1746661397.7765324,722,20,jumping,903.7667048525998
1746661397.8872652,722,20,jumping,905.7667048525998
1746661397.9974523,722,20,jumping,907.7667048525998
1746661398.10781,723,20,jumping,909.7667048525998
1746661398.2185028,724,20,jumping,911.7667048525998
1746661398.3279467,724,20,jumping,913.7667048525998
1746661398.4389355,724,20,jumping,915.7667048525998
1746661398.5493941,726,19.76348825993251,jumping,917.743053678593
1746661398.6583798,728,19.338062145898093,jumping,919.6768598931828
1746661398.7665265,730,19.72097639501804,jumping,921.6489575326847
1746661398.8770607,732,20,jumping,923.6489575326847
1746661398.989735,734,20,jumping,925.6489575326847
1746661399.0976818,734,19.85409487353888,jumping,927.6343670200386
1746661399.207923,735,20,jumping,929.6343670200386
1746661399.3157089,736,19.508775134668227,jumping,931.5852445335054
1746661399.4247162,738,19.332992839640774,jumping,933.5185438174694
1746661399.5335593,740,20,jumping,935.5185438174694
1746661399.6436403,740,20,jumping,937.5185438174694
1746661399.7541487,740,20,jumping,939.5185438174694
1746661399.86687,741,19.832121801560884,jumping,941.5017559976255
1746661399.975996,741,19.82619132406363,jumping,943.4843751300319
1746661400.085865,742,20,jumping,945.4843751300319
1746661400.1943762,742,20,jumping,947.4843751300319
1746661400.3072038,744,19.702133365073372,jumping,949.4545884665392
1746661400.4147396,744,20,jumping,951.4545884665392
1746661400.5242374,745,20,jumping,953.4545884665392
1746661400.6355674,747,20,jumping,955.4545884665392
1746661400.7471917,749,20,jumping,957.4545884665392
1746661400.854568,750,20,walking,959.4545884665392
1746661400.965384,751,20,walking,961.4545884665392
1746661401.07439,752,20,walking,963.4545884665392
1746661401.1854043,753,20,walking,965.4545884665392
1746661401.295217,755,19.8223967938299,walking,967.4368281459223
1746661401.404427,756,20,walking,969.4368281459223
1746661401.5154831,757,20,walking,971.4368281459223
1746661401.6258502,758,20,walking,973.4368281459223
1746661401.7349489,759,19.98573667131147,walking,975.4354018130534
1746661401.8434842,761,19.963506962070873,walking,977.4317525092605
1746661401.9535923,763,20,walking,979.4317525092605
1746661402.0625343,764,20,walking,981.4317525092605
1746661402.1725135,765,20,walking,983.4317525092605
1746661402.284521,767,20,walking,985.4317525092605
1746661402.395139,769,20,walking,987.4317525092605
1746661402.5078318,770,20,walking,989.4317525092605
1746661402.616563,771,19.87031993814954,walking,991.4187845030755
1746661402.7261672,773,19.718706034280206,walking,993.3906551065035
1746661402.834877,775,19.639050315777233,walking,995.3545601380812
1746661402.9472823,776,19.755899125518,walking,997.3301500506329
1746661403.0571523,778,19.597291036746924,walking,999.2898791543076
1746661403.1660984,779,19.801912386768876,walking,1001.2700703929845
1746661403.2756412,780,19.758561905052023,walking,1003.2459265834897
1746661403.3859556,782,20,walking,1005.2459265834897
1746661403.4950194,784,20,walking,1007.2459265834897
1746661403.6046937,786,20,walking,1009.2459265834897
1746661403.7149243,787,20,walking,1011.2459265834897
1746661403.8239675,789,20,walking,1013.2459265834897
1746661403.934774,790,20,walking,1015.2459265834897
1746661404.0427876,791,20,walking,1017.2459265834897
1746661404.150282,793,20,walking,1019.2459265834897
1746661404.2602153,795,19.896879517729566,walking,1021.2356145352626
1746661404.3701646,797,19.697627082918537,walking,1023.2053772435545
1746661404.4788835,798,19.513908157954898,walking,1025.15676805935
1746661404.5882564,800,19.53527768594089,walking,1027.1102958279441
1746661404.7001178,802,19.743361794914605,walking,1029.0846320074356
1746661404.8083308,804,20,walking,1031.0846320074356
1746661404.91765,805,20,walking,1033.0846320074356
1746661405.0277307,807,19.813183508106526,walking,1035.0659503582463
1746661405.140352,809,20,walking,1037.0659503582463
1746661405.2483695,811,20,walking,1039.0659503582463
1746661405.3588064,812,20,walking,1041.0659503582463
1746661405.4695969,814,20,walking,1043.0659503582463
1746661405.5827463,815,20,walking,1045.0659503582463
1746661405.6926773,816,20,walking,1047.0659503582463
1746661405.802366,818,20,walking,1049.0659503582463
1746661405.9124503,819,19.977046852538955,walking,1051.0636550435001
1746661406.0231247,820,20,walking,1053.0636550435001
1746661406.1328201,821,20,walking,1055.0636550435001
1746661406.2422018,823,20,walking,1057.0636550435001
1746661406.3525622,825,20,walking,1059.0636550435001
1746661406.4614801,827,20,walking,1061.0636550435001
1746661406.5683973,828,20,walking,1063.0636550435001
1746661406.6770196,830,20,walking,1065.0636550435001
1746661406.785741,832,20,walking,1067.0636550435001
1746661406.8986607,833,20,walking,1069.0636550435001
1746661407.005808,835,19.952188661740482,walking,1071.0588739096743
1746661407.1145792,837,20,walking,1073.0588739096743
1746661407.2249744,838,20,walking,1075.0588739096743
1746661407.337139,840,19.898863342572245,walking,1077.0487602439316
1746661407.4469755,842,19.811684867949584,walking,1079.0299287307266
1746661407.556641,843,19.81164285689758,walking,1081.0110930164165
1746661407.6648717,845,19.699224730461264,walking,1082.9810154894626
1746661407.7754195,847,19.54868058073414,walking,1084.935883547536
1746661407.8833895,848,19.92816581749605,walking,1086.9287001292855
1746661407.9928374,849,19.822269490963148,walking,1088.9109270783817
1746661408.1020074,851,19.91748037867961,walking,1090.9026751162496
1746661408.2131982,852,19.945134836052723,walking,1092.8971885998549
1746661408.3213005,854,19.821844609929123,walking,1094.8793730608477
1746661408.4296288,856,19.672951424487454,walking,1096.8466682032965
1746661408.539192,857,19.485953205097058,walking,1098.7952635238062
1746661408.6501546,859,19.531961718935825,walking,1100.7484596956997
1746661408.7579148,861,19.650638221499864,walking,1102.7135235178496
1746661408.8672585,862,19.92488000115596,walking,1104.7060115179652
1746661408.977222,864,20,walking,1106.7060115179652
1746661409.0867932,866,20,walking,1108.7060115179652
1746661409.1959972,868,20,walking,1110.7060115179652
1746661409.305045,870,20,walking,1112.7060115179652
1746661409.4160173,871,20,walking,1114.7060115179652
1746661409.5270877,872,19.848667868058236,walking,1116.690878304771
1746661409.63471,873,19.953407193085567,walking,1118.6862190240797
1746661409.7435398,875,20,walking,1120.6862190240797
1746661409.855189,877,19.844716556575875,walking,1122.6706906797374
1746661409.9639654,878,19.650553931417374,walking,1124.635746072879
1746661410.0714672,880,19.922568671911915,walking,1126.6280029400702
1746661410.1800134,882,20,walking,1128.6280029400702
1746661410.2903879,884,20,walking,1130.6280029400702
1746661410.4020295,886,20,walking,1132.6280029400702
1746661410.507749,887,19.97589278515944,walking,1134.6255922185862
1746661410.6174545,888,19.85649506763206,walking,1136.6112417253494
1746661410.7280948,889,20,walking,1138.6112417253494
1746661410.838975,891,19.87793941454223,walking,1140.5990356668035
1746661410.9469085,893,20,walking,1142.5990356668035
1746661411.055617,894,19.855429674791854,walking,1144.5845786342827
1746661411.165285,896,19.719612684385112,walking,1146.5565399027212
1746661411.276036,898,19.679715590550412,walking,1148.5245114617762
1746661411.3829956,899,20,walking,1150.5245114617762
1746661411.492337,900,19.860635828288025,walking,1152.510575044605
1746661411.6014814,902,19.86607437774088,walking,1154.4971824823792
1746661411.713576,904,20,walking,1156.4971824823792
1746661411.8216896,905,19.905047276599042,walking,1158.4876872100392
1746661411.9324238,906,20,walking,1160.4876872100392
1746661412.041166,907,20,walking,1162.4876872100392
1746661412.1503482,908,20,walking,1164.4876872100392
1746661412.258417,910,19.88105035398158,walking,1166.4757922454373
1746661412.3695245,911,20,walking,1168.4757922454373
1746661412.4787788,913,20,walking,1170.4757922454373
1746661412.5905292,915,19.935300810389418,walking,1172.4693223264762
1746661412.6989238,916,20,walking,1174.4693223264762
1746661412.8077214,918,19.808787032598676,walking,1176.450201029736
1746661412.9175413,920,19.84898803408262,walking,1178.4350998331442
1746661413.0282273,922,20,walking,1180.4350998331442
1746661413.135782,924,20,walking,1182.4350998331442
1746661413.245263,925,19.94778827946741,walking,1184.429878661091
1746661413.3522565,926,20,walking,1186.429878661091
1746661413.4614737,928,20,walking,1188.429878661091
1746661413.57088,929,20,walking,1190.429878661091
1746661413.6798484,930,19.874855776117908,walking,1192.4173642387027
1746661413.7903895,932,19.950493628593513,walking,1194.412413601562
1746661413.902021,934,20,walking,1196.412413601562
1746661414.010371,936,20,walking,1198.412413601562
1746661414.120464,938,20,walking,1200.412413601562
1746661414.231808,940,20,walking,1202.412413601562
1746661414.3437724,942,20,walking,1204.412413601562
1746661414.4512134,943,20,walking,1206.412413601562
1746661414.561021,944,20,walking,1208.412413601562
1746661414.670125,946,19.97623308414987,walking,1210.4100369099772
1746661414.7803166,947,19.980956751966712,walking,1212.408132585174
1746661414.8910203,949,20,walking,1214.408132585174
1746661414.9993308,951,20,walking,1216.408132585174
1746661415.1084614,952,20,walking,1218.408132585174
1746661415.2224994,953,20,walking,1220.408132585174
1746661415.3301814,954,20,walking,1222.408132585174
1746661415.4409873,955,20,walking,1224.408132585174
1746661415.5501978,957,20,walking,1226.408132585174
1746661415.662251,958,19.970343989470134,walking,1228.405166984121
1746661415.7690217,960,20,walking,1230.405166984121
1746661415.8790917,961,19.852828047188485,walking,1232.3904497888398
1746661415.988118,963,19.924232066926244,walking,1234.3828729955324
1746661416.0984635,965,20,walking,1236.3828729955324
1746661416.206832,966,20,walking,1238.3828729955324
1746661416.3158665,967,20,walking,1240.3828729955324
1746661416.4241524,968,20,walking,1242.3828729955324
1746661416.5326254,969,20,walking,1244.3828729955324
1746661416.6415854,970,20,walking,1246.3828729955324
1746661416.749305,971,20,walking,1248.3828729955324
1746661416.8598716,972,20,walking,1250.3828729955324
1746661416.9677804,974,20,walking,1252.3828729955324
1746661417.0758471,975,19.822807753260403,walking,1254.3651537708583
1746661417.182665,976,19.927124788229673,walking,1256.3578662496814
1746661417.290094,976,20,jumping,1258.3578662496814
1746661417.4003596,977,19.729287609874696,jumping,1260.330795010669
1746661417.5058281,979,20,jumping,1262.330795010669
1746661417.615013,980,20,jumping,1264.330795010669
1746661417.7237144,982,20,jumping,1266.330795010669
1746661417.8330898,982,20,jumping,1268.330795010669
1746661417.9414809,983,20,jumping,1270.330795010669
1746661418.0501359,984,20,jumping,1272.330795010669
1746661418.1605506,985,19.910817265041356,jumping,1274.321876737173
1746661418.2707834,985,20,jumping,1276.321876737173
1746661418.379727,985,19.68560370448366,jumping,1278.2904371076213
1746661418.4887488,987,19.75763234901448,jumping,1280.2662003425228
1746661418.5967832,989,19.90009143181706,jumping,1282.2562094857044
1746661418.7069364,989,19.753499245237393,jumping,1284.231559410228
1746661418.8181357,989,20,jumping,1286.231559410228
1746661418.927001,989,19.749058025477936,jumping,1288.2064652127758
1746661419.0359108,989,20,jumping,1290.2064652127758
1746661419.1459155,991,20,jumping,1292.2064652127758
1746661419.2529314,993,19.830027805126566,jumping,1294.1894679932884
1746661419.361946,994,20,jumping,1296.1894679932884
1746661419.4691763,996,20,jumping,1298.1894679932884
1746661419.5787234,997,20,jumping,1300.1894679932884
1746661419.6869311,997,20,jumping,1302.1894679932884
1746661419.7972393,999,19.780571391389955,jumping,1304.1675251324275
1746661419.9074383,1000,20,jumping,1306.1675251324275
1746661420.0180323,1000,20,jumping,1308.1675251324275
1746661420.1255193,1001,20,jumping,1310.1675251324275
1746661420.2352242,1003,19.738018293937106,jumping,1312.1413269618213
1746661420.345677,1004,20,jumping,1314.1413269618213
1746661420.457394,1006,20,jumping,1316.1413269618213
1746661420.562591,1008,20,jumping,1318.1413269618213
1746661420.6705654,1008,20,jumping,1320.1413269618213
1746661420.77918,1009,20,jumping,1322.1413269618213
1746661420.8915532,1011,19.879761916519733,jumping,1324.1293031534733
1746661420.9985697,1013,19.670323005326342,jumping,1326.0963354540058
1746661421.1089494,1015,19.385537381182992,jumping,1328.0348891921242
1746661421.2166424,1016,18.990171577298543,jumping,1329.933906349854
1746661421.3266537,1016,19.441874727351557,jumping,1331.878093822589
1746661421.434666,1017,19.158327097719614,jumping,1333.793926532361
1746661421.5454414,1017,20,jumping,1335.793926532361
1746661421.6541667,1017,20,jumping,1337.793926532361
1746661421.7651997,1019,20,jumping,1339.793926532361
1746661421.8737936,1021,20,jumping,1341.793926532361
1746661421.9829934,1022,20,jumping,1343.793926532361
1746661422.0923107,1022,20,jumping,1345.793926532361
1746661422.2000155,1024,20,jumping,1347.793926532361
1746661422.3062532,1025,20,jumping,1349.793926532361
1746661422.4144287,1027,20,jumping,1351.793926532361
1746661422.5256953,1029,20,jumping,1353.793926532361
1746661422.636784,1031,20,jumping,1355.793926532361
1746661422.7448814,1031,19.61362507736055,jumping,1357.755289040097
1746661422.8555918,1032,20,jumping,1359.755289040097
1746661422.9639826,1033,20,jumping,1361.755289040097
1746661423.075059,1034,20,jumping,1363.755289040097
1746661423.1810367,1035,20,jumping,1365.755289040097
1746661423.2891068,1037,20,jumping,1367.755289040097
1746661423.396398,1037,20,jumping,1369.755289040097
1746661423.5071702,1039,20,jumping,1371.755289040097
1746661423.6162276,1039,19.88956554339576,jumping,1373.7442455944367
1746661423.7240388,1041,19.71886020977177,jumping,1375.7161316154138
1746661423.8346086,1042,19.65535587397757,jumping,1377.6816672028115
1746661423.9472888,1042,20,jumping,1379.6816672028115
1746661424.0550272,1043,19.838908728220396,jumping,1381.6655580756335
1746661424.166055,1044,20,jumping,1383.6655580756335
1746661424.276445,1044,20,jumping,1385.6655580756335
1746661424.3884804,1045,20,jumping,1387.6655580756335
1746661424.498534,1047,20,jumping,1389.6655580756335
1746661424.6072364,1048,19.638137674176093,jumping,1391.629371843051
1746661424.7174861,1050,19.61650832486742,jumping,1393.591022675538
1746661424.8285694,1052,20,jumping,1395.591022675538
1746661424.9363554,1052,20,jumping,1397.591022675538
1746661425.044839,1052,19.568658952549296,jumping,1399.5478885707928
1746661425.1551347,1052,20,jumping,1401.5478885707928
1746661425.2646074,1054,19.889333433770602,jumping,1403.5368219141699
1746661425.3726091,1055,20,jumping,1405.5368219141699
1746661425.4831846,1056,19.758210584212726,jumping,1407.512642972591
1746661425.5932508,1056,20,jumping,1409.512642972591
1746661425.703727,1057,20,jumping,1411.512642972591
1746661425.811804,1057,20,jumping,1413.512642972591
1746661425.921097,1058,20,jumping,1415.512642972591
1746661426.0290287,1060,20,jumping,1417.512642972591
1746661426.1376085,1062,20,jumping,1419.512642972591
1746661426.2464967,1062,20,jumping,1421.512642972591
1746661426.354528,1062,20,jumping,1423.512642972591
1746661426.4632335,1062,20,jumping,1425.512642972591
1746661426.5737243,1064,20,jumping,1427.512642972591
1746661426.681655,1066,20,jumping,1429.512642972591
1746661426.7920368,1067,20,jumping,1431.512642972591
1746661426.9023952,1069,20,jumping,1433.512642972591
1746661427.0124207,1071,20,jumping,1435.512642972591
1746661427.1218138,1071,19.78040450862348,jumping,1437.4906834234534
1746661427.2308156,1071,19.68227904054943,jumping,1439.4589113275083
1746661427.3388374,1072,20,jumping,1441.4589113275083
1746661427.4492624,1072,19.63798907861931,jumping,1443.4227102353702
1746661427.5549657,1072,20,jumping,1445.4227102353702
1746661427.6638734,1072,20,jumping,1447.4227102353702
1746661427.773878,1073,20,jumping,1449.4227102353702
1746661427.885891,1073,20,jumping,1451.4227102353702
1746661427.9931247,1075,20,jumping,1453.4227102353702
1746661428.1027906,1076,19.534155981318623,jumping,1455.376125833502
1746661428.2115693,1076,20,jumping,1457.376125833502
1746661428.3246408,1078,20,jumping,1459.376125833502
1746661428.4312966,1079,20,jumping,1461.376125833502
1746661428.5389745,1081,20,jumping,1463.376125833502
1746661428.6476977,1082,19.97689232205096,jumping,1465.3738150657073
1746661428.759405,1083,20,jumping,1467.3738150657073
1746661428.866997,1083,20,jumping,1469.3738150657073
1746661428.9766057,1085,20,jumping,1471.3738150657073
1746661429.0850234,1085,20,jumping,1473.3738150657073
1746661429.1965644,1086,20,jumping,1475.3738150657073
1746661429.3020468,1087,20,jumping,1477.3738150657073
1746661429.4120693,1089,20,jumping,1479.3738150657073
1746661429.5212293,1091,20,jumping,1481.3738150657073
1746661429.6307456,1093,20,jumping,1483.3738150657073
1746661429.7367713,1093,20,jumping,1485.3738150657073
1746661429.8454874,1094,19.997159415954844,jumping,1487.3735310073027
1746661429.955841,1095,20,jumping,1489.3735310073027
1746661430.0669265,1097,19.660012826062204,jumping,1491.339532289909
1746661430.1751451,1097,19.971625605272234,jumping,1493.336694850436
1746661430.2839663,1097,20,jumping,1495.336694850436
1746661430.3931794,1098,19.56103575248824,jumping,1497.2927984256849
1746661430.504379,1098,20,jumping,1499.2927984256849
1746661430.6122043,1100,19.935907787086894,jumping,1501.2863892043936
1746661430.7201807,1100,19.546184533675817,jumping,1503.2410076577612
1746661430.8291748,1100,19.103423702225154,jumping,1505.1513500279837
1746661430.941233,1101,20,jumping,1507.1513500279837
1746661431.049442,1102,20,jumping,1509.1513500279837
1746661431.1592577,1103,20,jumping,1511.1513500279837
1746661431.2685401,1103,19.757978178425148,jumping,1513.1271478458261
1746661431.3782265,1103,19.358549859110823,jumping,1515.0630028317373
1746661431.4863036,1105,20,jumping,1517.0630028317373
1746661431.5953174,1106,19.665009079679187,jumping,1519.0295037397052
1746661431.7041454,1107,20,jumping,1521.0295037397052
1746661431.8158922,1108,20,jumping,1523.0295037397052
1746661431.923805,1110,20,jumping,1525.0295037397052
1746661432.0343604,1111,20,jumping,1527.0295037397052
1746661432.1443205,1112,20,jumping,1529.0295037397052
1746661432.255198,1113,19.649820669069697,jumping,1530.9944858066121
1746661432.3616781,1115,20,jumping,1532.9944858066121
1746661432.472003,1117,19.966680887259734,jumping,1534.9911538953381
1746661432.5824263,1118,20,jumping,1536.9911538953381
1746661432.6921725,1118,19.634304244985913,jumping,1538.9545843198366
1746661432.799452,1119,19.33187960395478,jumping,1540.8877722802322
1746661432.908961,1119,19.88501063362062,jumping,1542.8762733435942
1746661433.016963,1119,19.908507827325742,jumping,1544.8671241263269
1746661433.127671,1121,20,jumping,1546.8671241263269
1746661433.2364113,1121,20,jumping,1548.8671241263269
1746661433.3454714,1123,20,jumping,1550.8671241263269
1746661433.4540236,1123,19.945738786437847,jumping,1552.8616980049705
1746661433.5631578,1125,20,jumping,1554.8616980049705
1746661433.6685457,1125,19.987673828462132,standing,1556.8604653878167
1746661433.7805552,1125,20,standing,1558.8604653878167
1746661433.8906095,1125,19.99062710891086,standing,1560.8595280987079
1746661434.0010004,1125,19.90607083467273,standing,1562.850135182175
1746661434.1090252,1125,19.860870464869063,standing,1564.836222228662
1746661434.218275,1125,19.870525432569142,standing,1566.823274771919
1746661434.328608,1125,19.96822053318703,standing,1568.8200968252377
1746661434.438476,1125,20,standing,1570.8200968252377
1746661434.544181,1125,19.965537455215845,standing,1572.8166505707593
1746661434.6556056,1125,20,standing,1574.8166505707593
1746661434.7656562,1125,19.96884417589959,standing,1576.8135349883491
1746661434.9226556,1125,19.97276773820169,standing,1578.8108117621694
1746661435.0323668,1125,19.90421482668946,standing,1580.8012332448384
1746661435.1417024,1125,19.84267492747435,standing,1582.7855007375858
1746661435.2523243,1125,19.81541530185798,standing,1584.7670422677716
1746661435.3587353,1125,19.84240480838926,standing,1586.7512827486105
1746661435.4677505,1125,19.93240913600633,standing,1588.7445236622111
1746661435.5788946,1125,19.91584276947398,standing,1590.7361079391585
1746661435.6907601,1125,19.864703032581414,standing,1592.7225782424166
1746661435.7979717,1125,19.940971219180483,standing,1594.7166753643346
1746661435.9076777,1125,19.849274587630365,standing,1596.7016028230976
1746661436.0190535,1125,19.75155576292414,standing,1598.6767583993899
1746661436.1317635,1125,19.74589926405393,standing,1600.6513483257952
1746661436.2395098,1125,19.65256455558074,standing,1602.6166047813533
1746661436.3502905,1125,19.745233996120604,standing,1604.5911281809654
1746661436.4575567,1125,19.70324873626795,standing,1606.5614530545922
1746661436.5662534,1125,19.62564057952687,standing,1608.524017112545
1746661436.674378,1125,19.59589505985478,standing,1610.4836066185303
1746661436.7828078,1125,19.590981164397018,standing,1612.44270473497
1746661436.8917038,1125,19.629819749367037,standing,1614.4056867099066
1746661437.0014102,1125,19.582175948224553,standing,1616.363904304729
1746661437.108789,1125,19.619112511922772,standing,1618.3258155559213
1746661437.215931,1125,19.65305376155382,standing,1620.2911209320766
1746661437.326197,1125,19.75125997609326,standing,1622.266246929686
1746661437.4359586,1125,19.820759036210013,standing,1624.2483228333072
1746661437.5439491,1125,19.782874702234096,standing,1626.2266103035306
1746661437.652981,1125,19.704325390246584,standing,1628.1970428425552
1746661437.7632818,1125,19.767857385368927,standing,1630.173828581092
1746661437.8743784,1125,19.82131085076429,standing,1632.1559596661684
1746661437.98103,1125,19.90615522190542,standing,1634.146575188359
1746661438.0920165,1125,19.819572526837277,standing,1636.1285324410428
1746661438.2012372,1125,19.75496568222436,standing,1638.1040290092653
1746661438.3135424,1125,19.844204053255236,standing,1640.088449414591
1746661438.421269,1125,19.792960604676328,standing,1642.0677454750587
1746661438.532654,1125,19.702092394392853,standing,1644.037954714498
1746661438.64068,1125,19.785344937827414,standing,1646.0164892082807
1746661438.7502759,1125,19.83194643477,standing,1647.9996838517577
1746661438.859427,1125,19.747661500355854,standing,1649.9744500017932
1746661438.9679942,1125,19.653316178842566,standing,1651.9397816196774
1746661439.0781684,1125,19.634581657514666,standing,1653.903239785429
1746661439.1902373,1125,19.634989018334487,standing,1655.8667386872623
1746661439.2981634,1125,19.705962098936734,standing,1657.837334897156
1746661439.4081874,1125,19.704783916116906,standing,1659.8078132887679
1746661439.517327,1125,19.691719269362192,standing,1661.7769852157041
1746661439.6280348,1125,19.618489861265687,standing,1663.7388342018307
1746661439.7371333,1125,19.61666120473617,standing,1665.7005003223044
1746661439.8481266,1125,19.553039071619875,standing,1667.6558042294664
1746661439.9594893,1125,19.478124288987868,standing,1669.6036166583651
1746661440.0719113,1125,19.412789838826818,standing,1671.5448956422479
1746661440.1809194,1125,19.345441890452932,standing,1673.4794398312931
1746661440.2896147,1125,19.376152052917877,standing,1675.417055036585
1746661440.3980062,1125,19.388087458137445,standing,1677.3558637823987
1746661440.508356,1125,19.39045611761645,standing,1679.2949093941604
1746661440.615434,1125,19.408935081330487,standing,1681.2358029022935
1746661440.7271533,1125,19.37730065402637,standing,1683.173532967696
1746661440.83683,1125,19.282404635753554,standing,1685.1017734312713
1746661440.9462764,1125,19.248767878934903,standing,1687.0266502191648
1746661441.0535655,1125,19.303196137978876,standing,1688.9569698329626
1746661441.1629303,1125,19.387443867959817,standing,1690.8957142197587
1746661441.271605,1125,19.290238303269003,standing,1692.8247380500857
1746661441.382396,1125,19.309079617959643,standing,1694.7556460118817
1746661441.4904091,1125,19.234741690513424,standing,1696.679120180933
1746661441.6001308,1125,19.329172708967135,standing,1698.6120374518298
1746661441.7097948,1125,19.33547464706507,standing,1700.5455849165362
1746661441.8198144,1125,19.255914730764324,standing,1702.4711763896125
1746661441.929238,1125,19.298606974862352,standing,1704.4010370870988
1746661442.039249,1125,19.35390234078617,standing,1706.3364273211773
1746661442.147954,1125,19.41262615368846,standing,1708.2776899365463
1746661442.2593079,1125,19.5067297638444,standing,1710.2283629129306
1746661442.365684,1125,19.53697240847777,standing,1712.1820601537784
1746661442.4752803,1125,19.533502373367956,standing,1714.135410391115
1746661442.5834477,1125,19.50762856545407,standing,1716.0861732476606
1746661442.6964989,1125,19.502927447753024,standing,1718.0364659924358
1746661442.8051329,1125,19.56453919539857,standing,1719.9929199119756
1746661442.9171588,1125,19.50286662430739,standing,1721.9432065744063
1746661443.0276575,1125,19.57075387186336,standing,1723.9002819615926
1746661443.139596,1125,19.48177123639896,standing,1725.8484590852324
1746661443.2496195,1125,19.402295720662178,standing,1727.7886886572987
1746661443.3586292,1125,19.4632514290759,standing,1729.7350138002064
1746661443.4676297,1125,19.512418460947746,standing,1731.686255646301
1746661443.57851,1125,19.591209515144698,standing,1733.6453765978156
1746661443.6868515,1125,19.51499156089026,standing,1735.5968757539047
1746661443.796971,1125,19.480908444056237,standing,1737.5449665983103
1746661443.9070413,1125,19.381281549189385,standing,1739.4830947532294
1746661444.0187984,1125,19.319757911583157,standing,1741.4150705443876
1746661444.1260595,1125,19.37787758439712,standing,1743.3528583028274
1746661444.2381551,1125,19.306268957208232,standing,1745.2834851985483
1746661444.3482814,1125,19.302111251192063,standing,1747.2136963236676
1746661444.459157,1125,19.344749859157705,standing,1749.1481713095834
1746661444.568838,1125,19.292566044261356,standing,1751.0774279140096
1746661444.6793134,1125,19.285741012559487,standing,1753.0060020152655
1746661444.789917,1125,19.271574194486178,standing,1754.933159434714
1746661444.9012525,1125,19.197901333449582,standing,1756.852949568059
1746661445.008064,1125,19.182456873277616,standing,1758.7711952553868
1746661445.1183832,1125,19.260536243989687,standing,1760.6972488797858
1746661445.2290678,1125,19.233053315102016,standing,1762.620554211296
1746661445.3398385,1125,19.25753652704965,standing,1764.546307864001
1746661445.444862,1125,19.16336802636895,standing,1766.4626446666377
1746661445.55328,1125,19.22517063515898,standing,1768.3851617301536
1746661445.6641653,1125,19.160954789511337,standing,1770.3012572091047
1746661445.7729418,1125,19.1780353011474,standing,1772.2190607392195
1746661445.8823564,1125,19.238549247307247,standing,1774.1429156639501
1746661445.9927375,1125,19.270329929159654,standing,1776.069948656866
1746661446.1013052,1125,19.23595824488605,standing,1777.9935444813545
1746661446.2124891,1125,19.144728820748632,standing,1779.9080173634295
1746661446.3231404,1125,19.05088487277836,standing,1781.8131058507074
1746661446.4322042,1125,19.063793659259282,standing,1783.7194852166333
1746661446.540681,1125,19.02714154080882,standing,1785.6221993707143
1746661446.6509855,1125,18.977045005232007,standing,1787.5199038712374
1746661446.7597919,1125,19.05498320062857,standing,1789.4254021913002
1746661446.870261,1125,19.1411329682296,standing,1791.3395154881232
1746661446.9807339,1125,19.063131667654886,standing,1793.2458286548888
1746661447.0940995,1125,19.109032775715267,standing,1795.1567319324604
1746661447.2021265,1125,19.11974065535926,standing,1797.0687059979964
1746661447.311059,1125,19.03996486178618,standing,1798.972702484175
1746661447.421071,1125,19.126558573286154,standing,1800.8853583415037
1746661447.5340977,1125,19.076625969646607,standing,1802.7930209384683
1746661447.6425042,1125,18.99305670100859,standing,1804.6923266085691
1746661447.7526698,1125,18.933723644209945,standing,1806.58569897299
1746661447.8622606,1125,19.03036721028953,standing,1808.488735694019
1746661447.972349,1125,18.958502831993094,standing,1810.3845859772182
1746661448.0811338,1125,18.86933649761672,standing,1812.2715196269799
1746661448.1901572,1125,18.854423434014283,standing,1814.1569619703812
1746661448.2988045,1125,18.879104835600184,standing,1816.0448724539413
1746661448.410165,1125,18.8209354125029,standing,1817.9269659951915
1746661448.5178304,1125,18.802312669786374,standing,1819.8071972621701
1746661448.6274943,1125,18.729175912156457,standing,1821.6801148533857
1746661448.736104,1125,18.753849356860524,standing,1823.5554997890717
1746661448.8444626,1125,18.81644123171042,standing,1825.4371439122428
1746661448.9517858,1125,18.732807509896062,standing,1827.3104246632324
1746661449.063318,1125,18.732959874413126,standing,1829.1837206506736
1746661449.1722689,1125,18.638108562940754,standing,1831.0475315069677
1746661449.2822914,1125,18.695050558464427,standing,1832.9170365628142
1746661449.3895948,1125,18.650944170741077,standing,1834.7821309798883
1746661449.4983056,1125,18.636458016258466,standing,1836.645776781514
1746661449.606865,1125,18.72073766754694,standing,1838.5178505482688
1746661449.7166831,1125,18.708508935925153,standing,1840.3887014418613
1746661449.826006,1125,18.68478468063497,standing,1842.2571799099248
1746661449.932771,1125,18.592195285447286,standing,1844.1163994384697
1746661450.0416603,1125,18.676912183032353,standing,1845.9840906567729
1746661450.1531558,1126,18.640546227024636,jumping,1847.8481452794754
1746661450.2638352,1126,18.87707074030438,jumping,1849.7358523535058
1746661450.3739064,1128,19.686511074329957,jumping,1851.704503460939
1746661450.4842,1129,19.786982458325966,jumping,1853.6832017067716
1746661450.5963807,1130,20,jumping,1855.6832017067716
1746661450.7042186,1130,20,jumping,1857.6832017067716
1746661450.814781,1132,20,jumping,1859.6832017067716
1746661450.9234962,1134,20,jumping,1861.6832017067716
1746661451.0335975,1134,20,jumping,1863.6832017067716
1746661451.1422431,1136,20,jumping,1865.6832017067716
1746661451.2515178,1137,20,jumping,1867.6832017067716
1746661451.3615212,1137,20,jumping,1869.6832017067716
1746661451.471354,1139,20,jumping,1871.6832017067716
1746661451.5773473,1141,20,jumping,1873.6832017067716
1746661451.6872945,1141,20,jumping,1875.6832017067716
1746661451.7965074,1142,19.817536674105902,jumping,1877.6649553741822
1746661451.9036703,1144,19.380170341575102,jumping,1879.6029724083398
1746661452.0119636,1145,19.41683666138142,jumping,1881.5446560744779
1746661452.1206017,1145,20,jumping,1883.5446560744779
1746661452.2286377,1146,20,jumping,1885.5446560744779
1746661452.339337,1146,20,jumping,1887.5446560744779
1746661452.447504,1148,19.872242528010737,jumping,1889.531880327279
1746661452.5568762,1150,20,jumping,1891.531880327279
1746661452.668084,1151,20,jumping,1893.531880327279
1746661452.7783983,1151,19.997267903537065,jumping,1895.5316071176326
1746661452.8845944,1151,19.92052224718013,jumping,1897.5236593423506
1746661452.9942079,1152,19.422767597182233,jumping,1899.4659361020688
1746661453.102962,1152,20,jumping,1901.4659361020688
1746661453.214004,1152,19.94738864626267,jumping,1903.460674966695
1746661453.3207316,1152,19.81846861782959,jumping,1905.442521828478
1746661453.4310699,1152,19.539609183702932,jumping,1907.3964827468483
1746661453.541175,1152,20,jumping,1909.3964827468483
1746661453.653152,1152,20,jumping,1911.3964827468483
1746661453.7632785,1152,20,jumping,1913.3964827468483
1746661453.875292,1152,20,jumping,1915.3964827468483
1746661453.984303,1152,20,jumping,1917.3964827468483
1746661454.093985,1153,19.668634752927282,jumping,1919.363346222141
1746661454.2033215,1155,20,jumping,1921.363346222141
1746661454.3151622,1155,19.74071632802465,jumping,1923.3374178549434
1746661454.4271877,1155,20,jumping,1925.3374178549434
1746661454.5386631,1157,20,jumping,1927.3374178549434
1746661454.6483696,1157,20,jumping,1929.3374178549434
1746661454.7563899,1159,19.74129309585012,jumping,1931.3115471645285
1746661454.8664014,1161,19.5535285544339,jumping,1933.266900019972
1746661454.9789705,1163,20,jumping,1935.266900019972
1746661455.087792,1163,20,jumping,1937.266900019972
1746661455.197942,1164,20,jumping,1939.266900019972
1746661455.307768,1166,20,jumping,1941.266900019972
1746661455.4194725,1168,19.51633555673909,jumping,1943.2185335756458
1746661455.5271657,1170,19.900102865347154,jumping,1945.2085438621805
1746661455.637742,1171,20,walking,1947.2085438621805
1746661455.7475028,1172,20,walking,1949.2085438621805
1746661455.860638,1174,20,walking,1951.2085438621805
1746661455.9683309,1175,20,walking,1953.2085438621805
1746661456.0770354,1176,20,walking,1955.2085438621805
1746661456.185249,1177,20,walking,1957.2085438621805
1746661456.295479,1178,20,walking,1959.2085438621805
1746661456.4053695,1180,19.898253410300995,walking,1961.1983692032106
1746661456.5141923,1181,20,walking,1963.1983692032106
1746661456.623905,1183,20,walking,1965.1983692032106
1746661456.735616,1184,20,walking,1967.1983692032106
1746661456.844647,1185,20,walking,1969.1983692032106
1746661456.9533722,1187,20,walking,1971.1983692032106
1746661457.0627468,1188,20,walking,1973.1983692032106
1746661457.1728153,1190,20,walking,1975.1983692032106
1746661457.280185,1192,20,walking,1977.1983692032106
1746661457.3900564,1193,20,walking,1979.1983692032106
1746661457.5002093,1195,20,walking,1981.1983692032106
1746661457.6112452,1196,20,walking,1983.1983692032106
1746661457.7222874,1198,20,walking,1985.1983692032106
1746661457.8326735,1200,19.8875130338322,walking,1987.1871205065938
1746661457.9430497,1202,19.826733170523116,walking,1989.1697938236462
1746661458.0534334,1203,19.662117132468765,walking,1991.136005536893
1746661458.1644816,1204,20,walking,1993.136005536893
1746661458.2728343,1205,19.81281564244652,walking,1995.1172871011377
1746661458.3827944,1207,20,walking,1997.1172871011377
1746661458.4948077,1209,20,walking,1999.1172871011377
1746661458.6036181,1211,20,walking,2001.1172871011377
1746661458.712994,1213,20,walking,2003.1172871011377
1746661458.822843,1214,19.94746499751822,walking,2005.1120336008894
1746661458.9297445,1215,19.842695204146704,walking,2007.0963031213041
1746661459.0402048,1217,19.861209471748356,walking,2009.082424068479
1746661459.1508813,1219,19.987983689422208,walking,2011.0812224374213
1746661459.260861,1220,20,walking,2013.0812224374213
1746661459.370568,1222,20,walking,2015.0812224374213
1746661459.4774313,1223,19.902053155054244,walking,2017.0714277529266
1746661459.5864005,1224,19.900943876444572,walking,2019.061522140571
1746661459.6972184,1225,20,walking,2021.061522140571
1746661459.808728,1226,20,walking,2023.061522140571
1746661459.9169507,1227,20,walking,2025.061522140571
1746661460.0239792,1229,19.973819593664064,walking,2027.0589040999373
1746661460.1335142,1231,19.88718134618738,walking,2029.047622234556
1746661460.245574,1233,19.801315496122488,walking,2031.0277537841682
1746661460.3533823,1234,19.940451234055143,walking,2033.0217989075738
1746661460.4630492,1236,19.92456258704065,walking,2035.014255166278
1746661460.5743616,1237,20,walking,2037.014255166278
1746661460.685693,1239,20,walking,2039.014255166278
1746661460.7921355,1241,19.955769932441424,walking,2041.0098321595221
1746661460.902347,1242,20,walking,2043.0098321595221
1746661461.0130877,1243,20,walking,2045.0098321595221
1746661461.1257818,1245,20,walking,2047.0098321595221
1746661461.231106,1246,20,walking,2049.0098321595224
1746661461.3400362,1248,20,walking,2051.0098321595224
1746661461.447888,1249,20,walking,2053.0098321595224
1746661461.5576997,1250,20,walking,2055.0098321595224
1746661461.6684139,1251,19.94438601601227,walking,2057.0042707611237
1746661461.7771752,1252,20,walking,2059.0042707611237
1746661461.8860111,1253,19.882004251913663,walking,2060.992471186315
1746661461.996192,1254,20,walking,2062.992471186315
1746661462.104212,1256,19.803082954387055,walking,2064.9727794817536
1746661462.2130272,1258,20,walking,2066.9727794817536
